<?xml version="1.0" encoding="UTF-8"?>
<metadata xml:lang="en"><Esri><CreaDate>20200623</CreaDate><CreaTime>15514400</CreaTime><ArcGISFormat>1.0</ArcGISFormat><SyncOnce>TRUE</SyncOnce><DataProperties><lineage><Process ToolSource="c:\program files (x86)\arcgis\desktop10.4\ArcToolbox\Toolboxes\Data Management Tools.tbx\CalculateField" Date="20160722" Time="091338">CalculateField "Attendance Zones - Outlines\High Boundaries" SCHL_YEAR '2016-17' PYTHON_9.3 #</Process><Process ToolSource="c:\program files (x86)\arcgis\desktop10.4\ArcToolbox\Toolboxes\Data Management Tools.tbx\CalculateField" Date="20160722" Time="110823">CalculateField "Attendance Zones - Outlines\High Boundaries" SCHL_YEAR "2016-17" VB #</Process><Process ToolSource="c:\program files (x86)\arcgis\desktop10.4\ArcToolbox\Toolboxes\Data Management Tools.tbx\CalculateField" Date="20160722" Time="113753">CalculateField "Attendance Zones - Outlines\High Boundaries" SCHL_YEAR "2016-17" VB #</Process><Process ToolSource="c:\program files (x86)\arcgis\desktop10.4\ArcToolbox\Toolboxes\Data Management Tools.tbx\CalculateField" Date="20160722" Time="114959">CalculateField "Attendance Zones - Outlines\High Boundaries" SCHL_YEAR "2016-17" VB #</Process><Process ToolSource="c:\program files (x86)\arcgis\desktop10.4\ArcToolbox\Toolboxes\Data Management Tools.tbx\CalculateField" Date="20160722" Time="131119">CalculateField "Attendance Zones - Outlines\High Boundaries" SCHL_YEAR "2016-17" VB #</Process><Process ToolSource="c:\program files (x86)\arcgis\desktop10.4\ArcToolbox\Toolboxes\Data Management Tools.tbx\CalculateField" Date="20160722" Time="132653">CalculateField "Attendance Zones - Shaded\High Boundaries" SCHL_YEAR 2016-17 VB #</Process><Process ToolSource="c:\program files (x86)\arcgis\desktop10.4\ArcToolbox\Toolboxes\Data Management Tools.tbx\CalculateField" Date="20160722" Time="132711">CalculateField "Attendance Zones - Shaded\High Boundaries" SCHL_YEAR "2016-17" VB #</Process><Process ToolSource="c:\program files (x86)\arcgis\desktop10.4\ArcToolbox\Toolboxes\Data Management Tools.tbx\CalculateField" Date="20160722" Time="132722">CalculateField "Attendance Zones - Shaded\High Boundaries" SCHL_YEAR '2016-17' VB #</Process><Process ToolSource="c:\program files (x86)\arcgis\desktop10.4\ArcToolbox\Toolboxes\Data Management Tools.tbx\CalculateField" Date="20160722" Time="132747">CalculateField "Attendance Zones - Shaded\High Boundaries" SCHL_YEAR "2016-17" VB #</Process><Process ToolSource="c:\program files (x86)\arcgis\desktop10.4\ArcToolbox\Toolboxes\Data Management Tools.tbx\CalculateField" Date="20160722" Time="132906">CalculateField "Attendance Zones - Shaded\High Boundaries" SCHL_YEAR "2016-17" VB #</Process><Process ToolSource="c:\program files (x86)\arcgis\desktop10.4\ArcToolbox\Toolboxes\Data Management Tools.tbx\CalculateField" Date="20160722" Time="134244">CalculateField "Attendance Zones - Outlines\High Boundaries" SCHL_YEAR "2016-17" VB #</Process><Process ToolSource="c:\program files (x86)\arcgis\desktop10.4\ArcToolbox\Toolboxes\Data Management Tools.tbx\CalculateField" Date="20160722" Time="150244">CalculateField "Attendance Zones - Outlines\High Boundaries" SCHL_YEAR "2016-17" VB #</Process><Process ToolSource="c:\program files (x86)\arcgis\desktop10.4\ArcToolbox\Toolboxes\Data Management Tools.tbx\CalculateField" Date="20160722" Time="154153">CalculateField "Attendance Zones - Outlines\High Boundaries" SCHL_YEAR "2016-17" VB #</Process><Process ToolSource="c:\program files (x86)\arcgis\desktop10.4\ArcToolbox\Toolboxes\Data Management Tools.tbx\CalculateField" Date="20160722" Time="162803">CalculateField "Attendance Zones - Outlines\High Boundaries" SCHL_YEAR "2016-17" VB #</Process><Process ToolSource="c:\program files (x86)\arcgis\desktop10.4\ArcToolbox\Toolboxes\Data Management Tools.tbx\CalculateField" Date="20160722" Time="164428">CalculateField "Attendance Zones - Outlines\High Boundaries" SCHL_YEAR "2016-17" VB #</Process><Process ToolSource="c:\program files (x86)\arcgis\desktop10.4\ArcToolbox\Toolboxes\Data Management Tools.tbx\CalculateField" Date="20160722" Time="165420">CalculateField "Attendance Zones - Outlines\High Boundaries" SCHL_YEAR "2016-17" VB #</Process><Process ToolSource="c:\program files (x86)\arcgis\desktop10.4\ArcToolbox\Toolboxes\Data Management Tools.tbx\CalculateField" Date="20160722" Time="181225">CalculateField "Attendance Zones - Outlines\High Boundaries" SCHL_YEAR "2016-17" VB #</Process><Process ToolSource="c:\program files (x86)\arcgis\desktop10.4\ArcToolbox\Toolboxes\Data Management Tools.tbx\CalculateField" Date="20160723" Time="135936">CalculateField "Attendance Zones - Outlines\High Boundaries" SCHL_YEAR "2016-17" VB #</Process><Process ToolSource="c:\program files (x86)\arcgis\desktop10.4\ArcToolbox\Toolboxes\Data Management Tools.tbx\CalculateField" Date="20160723" Time="142928">CalculateField TDGIS.DBO.high ISD "JUDSON ISD" VB #</Process><Process ToolSource="c:\program files (x86)\arcgis\desktop10.4\ArcToolbox\Toolboxes\Data Management Tools.tbx\CalculateField" Date="20160723" Time="142957">CalculateField TDGIS.DBO.high ISD "SAN MARCOS ISD" VB #</Process><Process ToolSource="c:\program files (x86)\arcgis\desktop10.4\ArcToolbox\Toolboxes\Data Management Tools.tbx\CalculateField" Date="20160725" Time="090104">CalculateField "Attendance Zones - Outlines\High Boundaries" ISD "SAN MARCOS CISD" VB #</Process><Process ToolSource="c:\program files (x86)\arcgis\desktop10.4\ArcToolbox\Toolboxes\Data Management Tools.tbx\CalculateField" Date="20160725" Time="090125">CalculateField "Attendance Zones - Outlines\High Boundaries" SCHL_YEAR "2016-17" VB #</Process><Process ToolSource="c:\program files (x86)\arcgis\desktop10.4\ArcToolbox\Toolboxes\Data Management Tools.tbx\CalculateField" Date="20160726" Time="082114">CalculateField "Attendance Zones - Outlines\High Boundaries" ISD 'EAGLE MT SAGINAW' PYTHON_9.3 #</Process><Process ToolSource="c:\program files (x86)\arcgis\desktop10.4\ArcToolbox\Toolboxes\Data Management Tools.tbx\CalculateField" Date="20160726" Time="082245">CalculateField "Attendance Zones - Outlines\High Boundaries" ISD 'EAGLE MT SAGINAW ISD' PYTHON_9.3 #</Process><Process ToolSource="c:\program files (x86)\arcgis\desktop10.4\ArcToolbox\Toolboxes\Data Management Tools.tbx\CalculateField" Date="20160726" Time="110436">CalculateField "Attendance Zones - Outlines\High Boundaries" ISD 'GRAPEVINE COLLEYVILLE ISD' PYTHON_9.3 #</Process><Process ToolSource="c:\program files (x86)\arcgis\desktop10.4\ArcToolbox\Toolboxes\Data Management Tools.tbx\CalculateField" Date="20160728" Time="140813">CalculateField TDGIS.DBO.high SCHL_YEAR "2016-17" VB #</Process><Process ToolSource="c:\program files (x86)\arcgis\desktop10.4\ArcToolbox\Toolboxes\Data Management Tools.tbx\CalculateField" Date="20160728" Time="140828">CalculateField TDGIS.DBO.high CAMPUS "[HIGH_NAME] + " HIGH"" VB #</Process><Process ToolSource="c:\program files (x86)\arcgis\desktop10.4\ArcToolbox\Toolboxes\Data Management Tools.tbx\CalculateField" Date="20160728" Time="142841">CalculateField TDGIS.DBO.high SCHL_YEAR "2016-17" VB #</Process><Process ToolSource="c:\program files (x86)\arcgis\desktop10.4\ArcToolbox\Toolboxes\Data Management Tools.tbx\CalculateField" Date="20160728" Time="142851">CalculateField TDGIS.DBO.high CAMPUS "[HIGH_NAME] + " HIGH"" VB #</Process><Process ToolSource="c:\program files (x86)\arcgis\desktop10.4\ArcToolbox\Toolboxes\Data Management Tools.tbx\CalculateField" Date="20160809" Time="084945">CalculateField "Attendance Zones - Outlines\High Boundaries" SCHL_YEAR '2016-17' PYTHON_9.3 #</Process><Process ToolSource="c:\program files (x86)\arcgis\desktop10.4\ArcToolbox\Toolboxes\Data Management Tools.tbx\CalculateField" Date="20160809" Time="085001">CalculateField "Attendance Zones - Outlines\High Boundaries" CAMPUS_ID '2' PYTHON_9.3 #</Process><Process ToolSource="c:\program files (x86)\arcgis\desktop10.4\ArcToolbox\Toolboxes\Data Management Tools.tbx\CalculateField" Date="20160809" Time="085018">CalculateField "Attendance Zones - Outlines\High Boundaries" CAMPUS 'ROYSE CITY HIGH' PYTHON_9.3 #</Process><Process ToolSource="c:\program files (x86)\arcgis\desktop10.4\ArcToolbox\Toolboxes\Data Management Tools.tbx\Append" Date="20160817" Time="155017">Append high "Attendance Zones - Outlines\High Boundaries" NO_TEST "HIGH_NAME "HIGH_NAME" true true false 100 Text 0 0 ,First,#,high,HIGH_NAME,-1,-1;CAMPUS "CAMPUS" true true false 100 Text 0 0 ,First,#;ISD "ISD" true true false 100 Text 0 0 ,First,#,high,ISD,-1,-1;SCHL_YEAR "SCHL_YEAR" true true false 20 Text 0 0 ,First,#;CAMPUS_ID "CAMPUS_ID" true true false 4 Long 0 10 ,First,#;SHAPE.STArea() "SHAPE.STArea()" false false true 0 Double 0 0 ,First,#;SHAPE.STLength() "SHAPE.STLength()" false false true 0 Double 0 0 ,First,#" #</Process><Process ToolSource="c:\program files (x86)\arcgis\desktop10.4\ArcToolbox\Toolboxes\Data Management Tools.tbx\CalculateField" Date="20160825" Time="142903">CalculateField TDGIS.DBO.high ISD "SAN MARCOS CISD" VB #</Process><Process ToolSource="c:\program files (x86)\arcgis\desktop10.4\ArcToolbox\Toolboxes\Data Management Tools.tbx\Append" Date="20160826" Time="100902">Append 'C:\Users\gberry\Desktop\Stuff\Clear Creek_ISD\high.shp' TDGIS.DBO.high NO_TEST "HIGH_NAME "HIGH_NAME" true true false 100 Text 0 0 ,First,#,C:\Users\gberry\Desktop\Stuff\Clear Creek_ISD\high.shp,HIGH_NAME,-1,-1;CAMPUS "CAMPUS" true true false 100 Text 0 0 ,First,#;ISD "ISD" true true false 100 Text 0 0 ,First,#,C:\Users\gberry\Desktop\Stuff\Clear Creek_ISD\high.shp,ISD,-1,-1;SCHL_YEAR "SCHL_YEAR" true true false 20 Text 0 0 ,First,#;CAMPUS_ID "CAMPUS_ID" true true false 4 Long 0 10 ,First,#;SHAPE.STArea() "SHAPE.STArea()" false false true 0 Double 0 0 ,First,#;SHAPE.STLength() "SHAPE.STLength()" false false true 0 Double 0 0 ,First,#" #</Process><Process ToolSource="c:\program files (x86)\arcgis\desktop10.4\ArcToolbox\Toolboxes\Data Management Tools.tbx\Append" Date="20160901" Time="170005">Append high TDGIS.DBO.high NO_TEST "HIGH_NAME "HIGH_NAME" true true false 100 Text 0 0 ,First,#,high,HIGH_NAME,-1,-1;CAMPUS "CAMPUS" true true false 100 Text 0 0 ,First,#;ISD "ISD" true true false 100 Text 0 0 ,First,#,high,ISD,-1,-1;SCHL_YEAR "SCHL_YEAR" true true false 20 Text 0 0 ,First,#;CAMPUS_ID "CAMPUS_ID" true true false 4 Long 0 10 ,First,#;SHAPE.STArea() "SHAPE.STArea()" false false true 0 Double 0 0 ,First,#;SHAPE.STLength() "SHAPE.STLength()" false false true 0 Double 0 0 ,First,#" #</Process><Process ToolSource="c:\program files (x86)\arcgis\desktop10.4\ArcToolbox\Toolboxes\Data Management Tools.tbx\CalculateField" Date="20160927" Time="092912">CalculateField TDGIS.DBO.high HIGH_NAME 'PEASTER' PYTHON_9.3 #</Process><Process ToolSource="c:\program files (x86)\arcgis\desktop10.4\ArcToolbox\Toolboxes\Data Management Tools.tbx\CalculateField" Date="20160927" Time="092920">CalculateField TDGIS.DBO.high CAMPUS 'PEASTER HIGH' PYTHON_9.3 #</Process><Process ToolSource="c:\program files (x86)\arcgis\desktop10.4\ArcToolbox\Toolboxes\Data Management Tools.tbx\CalculateField" Date="20160927" Time="092949">CalculateField TDGIS.DBO.high CAMPUS_ID '1' PYTHON_9.3 #</Process><Process ToolSource="c:\program files (x86)\arcgis\desktop10.4\ArcToolbox\Toolboxes\Data Management Tools.tbx\Append" Date="20161006" Time="093358">Append high_1617 TDGIS.DBO.high NO_TEST "HIGH_NAME "HIGH_NAME" true true false 100 Text 0 0 ,First,#,high_1617,HIGH_NAME,-1,-1;CAMPUS "CAMPUS" true true false 100 Text 0 0 ,First,#;ISD "ISD" true true false 100 Text 0 0 ,First,#,high_1617,ISD,-1,-1;SCHL_YEAR "SCHL_YEAR" true true false 20 Text 0 0 ,First,#,high_1617,SCHL_YEAR,-1,-1;CAMPUS_ID "CAMPUS_ID" true true false 4 Long 0 10 ,First,#;SHAPE.STArea() "SHAPE.STArea()" false false true 0 Double 0 0 ,First,#;SHAPE.STLength() "SHAPE.STLength()" false false true 0 Double 0 0 ,First,#" #</Process><Process ToolSource="c:\program files (x86)\arcgis\desktop10.4\ArcToolbox\Toolboxes\Data Management Tools.tbx\Append" Date="20161021" Time="114427">Append TDGIS.DBO.isd_boundary TDGIS.DBO.high NO_TEST "HIGH_NAME "HIGH_NAME" true true false 100 Text 0 0 ,First,#;CAMPUS "CAMPUS" true true false 100 Text 0 0 ,First,#;ISD "ISD" true true false 100 Text 0 0 ,First,#,TDGIS.DBO.isd_boundary,ISD,-1,-1;SCHL_YEAR "SCHL_YEAR" true true false 20 Text 0 0 ,First,#,TDGIS.DBO.isd_boundary,SCHL_YEAR,-1,-1;CAMPUS_ID "CAMPUS_ID" true true false 4 Long 0 10 ,First,#;SHAPE.STArea() "SHAPE.STArea()" false false true 0 Double 0 0 ,First,#,TDGIS.DBO.isd_boundary,Shape.STArea(),-1,-1;SHAPE.STLength() "SHAPE.STLength()" false false true 0 Double 0 0 ,First,#,TDGIS.DBO.isd_boundary,Shape.STLength(),-1,-1" #</Process><Process ToolSource="c:\program files (x86)\arcgis\desktop10.4\ArcToolbox\Toolboxes\Data Management Tools.tbx\CalculateField" Date="20161103" Time="101358">CalculateField "Attendance Zones - Outlines\High Boundaries" SCHL_YEAR "2016-17" VB #</Process><Process ToolSource="c:\program files (x86)\arcgis\desktop10.4\ArcToolbox\Toolboxes\Data Management Tools.tbx\CalculateField" Date="20161109" Time="153326">CalculateField "High School" CAMPUS_ID '1' PYTHON_9.3 #</Process><Process ToolSource="c:\program files (x86)\arcgis\desktop10.4\ArcToolbox\Toolboxes\Data Management Tools.tbx\CalculateField" Date="20161109" Time="153351">CalculateField "High School" CAMPUS_ID '8' PYTHON_9.3 #</Process><Process ToolSource="c:\program files (x86)\arcgis\desktop10.4\ArcToolbox\Toolboxes\Data Management Tools.tbx\CalculateField" Date="20161109" Time="170649">CalculateField TDGIS.DBO.high CAMPUS !HIGH_NAME!' HIGH' PYTHON_9.3 #</Process><Process ToolSource="c:\program files (x86)\arcgis\desktop10.4\ArcToolbox\Toolboxes\Data Management Tools.tbx\CalculateField" Date="20161111" Time="113027">CalculateField TDGIS.DBO.high CAMPUS !HIGH_NAME!' HIGH' PYTHON_9.3 #</Process><Process ToolSource="c:\program files (x86)\arcgis\desktop10.4\ArcToolbox\Toolboxes\Data Management Tools.tbx\CalculateField" Date="20161111" Time="113053">CalculateField TDGIS.DBO.high SCHL_YEAR '2016-17' PYTHON_9.3 #</Process><Process ToolSource="c:\program files (x86)\arcgis\desktop10.4\ArcToolbox\Toolboxes\Data Management Tools.tbx\CalculateField" Date="20161111" Time="113119">CalculateField TDGIS.DBO.high CAMPUS_ID '2' PYTHON_9.3 #</Process><Process ToolSource="c:\program files (x86)\arcgis\desktop10.4\ArcToolbox\Toolboxes\Data Management Tools.tbx\CalculateField" Date="20161111" Time="113126">CalculateField TDGIS.DBO.high CAMPUS_ID '3' PYTHON_9.3 #</Process><Process ToolSource="c:\program files (x86)\arcgis\desktop10.4\ArcToolbox\Toolboxes\Data Management Tools.tbx\CalculateField" Date="20161117" Time="084205">CalculateField TDGIS.DBO.high HIGH_NAME 'ARGYLE' PYTHON_9.3 #</Process><Process ToolSource="c:\program files (x86)\arcgis\desktop10.4\ArcToolbox\Toolboxes\Data Management Tools.tbx\CalculateField" Date="20161117" Time="084255">CalculateField TDGIS.DBO.high CAMPUS 'ARGYLE HIGH' PYTHON_9.3 #</Process><Process ToolSource="c:\program files (x86)\arcgis\desktop10.4\ArcToolbox\Toolboxes\Data Management Tools.tbx\CalculateField" Date="20161117" Time="084302">CalculateField TDGIS.DBO.high CAMPUS_ID '1' PYTHON_9.3 #</Process><Process ToolSource="c:\program files (x86)\arcgis\desktop10.4\ArcToolbox\Toolboxes\Data Management Tools.tbx\CalculateField" Date="20161118" Time="093552">CalculateField TDGIS.DBO.high HIGH_NAME 'HOWE' PYTHON_9.3 #</Process><Process ToolSource="c:\program files (x86)\arcgis\desktop10.4\ArcToolbox\Toolboxes\Data Management Tools.tbx\CalculateField" Date="20161118" Time="093559">CalculateField TDGIS.DBO.high CAMPUS 'HOWE HIGH' PYTHON_9.3 #</Process><Process ToolSource="c:\program files (x86)\arcgis\desktop10.4\ArcToolbox\Toolboxes\Data Management Tools.tbx\CalculateField" Date="20161118" Time="093608">CalculateField TDGIS.DBO.high SCHL_YEAR '2016-17' PYTHON_9.3 #</Process><Process ToolSource="c:\program files (x86)\arcgis\desktop10.4\ArcToolbox\Toolboxes\Data Management Tools.tbx\CalculateField" Date="20161118" Time="093616">CalculateField TDGIS.DBO.high CAMPUS_ID '1' PYTHON_9.3 #</Process><Process ToolSource="c:\program files (x86)\arcgis\desktop10.4\ArcToolbox\Toolboxes\Data Management Tools.tbx\CalculateField" Date="20161121" Time="155746">CalculateField TDGIS.DBO.high SCHL_YEAR '2016-17' PYTHON_9.3 #</Process><Process ToolSource="c:\program files (x86)\arcgis\desktop10.4\ArcToolbox\Toolboxes\Data Management Tools.tbx\CalculateField" Date="20161205" Time="155524">CalculateField TDGIS.DBO.high CAMPUS 'KELLER ISD' PYTHON_9.3 #</Process><Process ToolSource="c:\program files (x86)\arcgis\desktop10.4\ArcToolbox\Toolboxes\Data Management Tools.tbx\CalculateField" Date="20161205" Time="155532">CalculateField TDGIS.DBO.high CAMPUS 'KELLER HIGH' PYTHON_9.3 #</Process><Process ToolSource="c:\program files (x86)\arcgis\desktop10.4\ArcToolbox\Toolboxes\Data Management Tools.tbx\CalculateField" Date="20161205" Time="155540">CalculateField TDGIS.DBO.high CAMPUS_ID '1' PYTHON_9.3 #</Process><Process ToolSource="c:\program files (x86)\arcgis\desktop10.4\ArcToolbox\Toolboxes\Data Management Tools.tbx\CalculateField" Date="20161207" Time="093332">CalculateField TDGIS.DBO.high SCHL_YEAR '2016-17' PYTHON_9.3 #</Process><Process ToolSource="c:\program files (x86)\arcgis\desktop10.4\ArcToolbox\Toolboxes\Data Management Tools.tbx\CalculateField" Date="20161212" Time="085908">CalculateField TDGIS.DBO.high HIGH_NAME 'COMFORT' PYTHON_9.3 #</Process><Process ToolSource="c:\program files (x86)\arcgis\desktop10.4\ArcToolbox\Toolboxes\Data Management Tools.tbx\CalculateField" Date="20161212" Time="085913">CalculateField TDGIS.DBO.high CAMPUS 'COMFORT HIGH' PYTHON_9.3 #</Process><Process ToolSource="c:\program files (x86)\arcgis\desktop10.4\ArcToolbox\Toolboxes\Data Management Tools.tbx\CalculateField" Date="20161212" Time="085922">CalculateField TDGIS.DBO.high CAMPUS_ID '1' PYTHON_9.3 #</Process><Process ToolSource="c:\program files (x86)\arcgis\desktop10.4\ArcToolbox\Toolboxes\Data Management Tools.tbx\CalculateField" Date="20161220" Time="101010">CalculateField TDGIS.DBO.high HIGH_NAME 'AUBREY' PYTHON_9.3 #</Process><Process ToolSource="c:\program files (x86)\arcgis\desktop10.4\ArcToolbox\Toolboxes\Data Management Tools.tbx\CalculateField" Date="20161220" Time="101019">CalculateField TDGIS.DBO.high CAMPUS_ID '1' PYTHON_9.3 #</Process><Process ToolSource="c:\program files (x86)\arcgis\desktop10.4\ArcToolbox\Toolboxes\Data Management Tools.tbx\CalculateField" Date="20170103" Time="164305">CalculateField "TDGIS.DBO.high 2017-18" ISD "COLLEGE STATION ISD" VB #</Process><Process ToolSource="c:\program files (x86)\arcgis\desktop10.4\ArcToolbox\Toolboxes\Data Management Tools.tbx\CalculateField" Date="20170103" Time="164322">CalculateField "TDGIS.DBO.high 2017-18" SCHL_YEAR "2017-18" VB #</Process><Process ToolSource="c:\program files (x86)\arcgis\desktop10.4\ArcToolbox\Toolboxes\Data Management Tools.tbx\CalculateField" Date="20170103" Time="164332">CalculateField "TDGIS.DBO.high 2017-18" CAMPUS "[HIGH_NAME] + " HIGH"" VB #</Process><Process ToolSource="c:\program files (x86)\arcgis\desktop10.4\ArcToolbox\Toolboxes\Data Management Tools.tbx\CalculateField" Date="20170103" Time="164752">CalculateField "TDGIS.DBO.high 2017-18" CAMPUS_ID 1 VB #</Process><Process ToolSource="c:\program files (x86)\arcgis\desktop10.4\ArcToolbox\Toolboxes\Data Management Tools.tbx\CalculateField" Date="20170103" Time="164759">CalculateField "TDGIS.DBO.high 2017-18" CAMPUS_ID 3 VB #</Process><Process ToolSource="c:\program files (x86)\arcgis\desktop10.4\ArcToolbox\Toolboxes\Data Management Tools.tbx\CalculateField" Date="20170124" Time="111215">CalculateField "Attendance Zones - Outlines\2017-18 High Boundaries" SCHL_YEAR "2017-18" VB #</Process><Process ToolSource="c:\program files (x86)\arcgis\desktop10.4\ArcToolbox\Toolboxes\Data Management Tools.tbx\CalculateField" Date="20170124" Time="111225">CalculateField "Attendance Zones - Outlines\2017-18 High Boundaries" ISD "PFLUGERVILLE ISD" VB #</Process><Process ToolSource="c:\program files (x86)\arcgis\desktop10.4\ArcToolbox\Toolboxes\Data Management Tools.tbx\CalculateField" Date="20170124" Time="111236">CalculateField "Attendance Zones - Outlines\2017-18 High Boundaries" CAMPUS "[HIGH_NAME] + " HIGH"" VB #</Process><Process ToolSource="c:\program files (x86)\arcgis\desktop10.4\ArcToolbox\Toolboxes\Data Management Tools.tbx\CalculateField" Date="20170207" Time="102604">CalculateField TDGIS.DBO.high CAMPUS 'ACADEMY HIGH' PYTHON_9.3 #</Process><Process ToolSource="c:\program files (x86)\arcgis\desktop10.4\ArcToolbox\Toolboxes\Data Management Tools.tbx\CalculateField" Date="20170207" Time="102621">CalculateField TDGIS.DBO.high CAMPUS '1' PYTHON_9.3 #</Process><Process ToolSource="c:\program files (x86)\arcgis\desktop10.4\ArcToolbox\Toolboxes\Data Management Tools.tbx\CalculateField" Date="20170207" Time="102643">CalculateField TDGIS.DBO.high CAMPUS_ID '1' PYTHON_9.3 #</Process><Process ToolSource="c:\program files (x86)\arcgis\desktop10.4\ArcToolbox\Toolboxes\Data Management Tools.tbx\CalculateField" Date="20170207" Time="102657">CalculateField TDGIS.DBO.high CAMPUS 'ACADEMY HIGH' PYTHON_9.3 #</Process><Process ToolSource="c:\program files (x86)\arcgis\desktop10.4\ArcToolbox\Toolboxes\Data Management Tools.tbx\CalculateField" Date="20170215" Time="102849">CalculateField TDGIS.DBO.high HIGH_NAME "WHITEHOUSE" VB #</Process><Process ToolSource="c:\program files (x86)\arcgis\desktop10.4\ArcToolbox\Toolboxes\Data Management Tools.tbx\CalculateField" Date="20170215" Time="102857">CalculateField TDGIS.DBO.high CAMPUS "WHITEHOUSE HIGH" VB #</Process><Process ToolSource="c:\program files (x86)\arcgis\desktop10.4\ArcToolbox\Toolboxes\Data Management Tools.tbx\CalculateField" Date="20170215" Time="102923">CalculateField TDGIS.DBO.high CAMPUS_ID 1 VB #</Process><Process ToolSource="c:\program files (x86)\arcgis\desktop10.4\ArcToolbox\Toolboxes\Data Management Tools.tbx\CalculateField" Date="20170215" Time="161110">CalculateField TDGIS.DBO.high CAMPUS_ID '1' PYTHON_9.3 #</Process><Process ToolSource="c:\program files (x86)\arcgis\desktop10.4\ArcToolbox\Toolboxes\Data Management Tools.tbx\CalculateField" Date="20170227" Time="085448">CalculateField TDGIS.DBO.high HIGH_NAME "PROSPER" VB #</Process><Process ToolSource="c:\program files (x86)\arcgis\desktop10.4\ArcToolbox\Toolboxes\Data Management Tools.tbx\CalculateField" Date="20170227" Time="085458">CalculateField TDGIS.DBO.high CAMPUS "PROSPER HIGH" VB #</Process><Process ToolSource="c:\program files (x86)\arcgis\desktop10.4\ArcToolbox\Toolboxes\Data Management Tools.tbx\CalculateField" Date="20170227" Time="085504">CalculateField TDGIS.DBO.high CAMPUS_ID 1 VB #</Process><Process ToolSource="c:\program files (x86)\arcgis\desktop10.4\ArcToolbox\Toolboxes\Data Management Tools.tbx\CalculateField" Date="20170310" Time="111024">CalculateField "Attendance Zones - Outlines\2017-18 High Boundaries" CAMPUS_ID 5 VB #</Process><Process ToolSource="c:\program files (x86)\arcgis\desktop10.4\ArcToolbox\Toolboxes\Data Management Tools.tbx\CalculateField" Date="20170323" Time="162029">CalculateField "Attendance Zones - Outlines\High Boundaries" ISD "SPRING ISD" VB #</Process><Process ToolSource="c:\program files (x86)\arcgis\desktop10.4\ArcToolbox\Toolboxes\Data Management Tools.tbx\CalculateField" Date="20170323" Time="162039">CalculateField "Attendance Zones - Outlines\High Boundaries" SCHL_YEAR "2020-21" VB #</Process><Process ToolSource="c:\program files (x86)\arcgis\desktop10.4\ArcToolbox\Toolboxes\Data Management Tools.tbx\CalculateField" Date="20170323" Time="162112">CalculateField "Attendance Zones - Outlines\High Boundaries" CAMPUS "[HIGH_NAME] + " HIGH"" VB #</Process><Process ToolSource="c:\program files (x86)\arcgis\desktop10.4\ArcToolbox\Toolboxes\Data Management Tools.tbx\CalculateField" Date="20170413" Time="154653">CalculateField "Attendance Zones - Outlines\Current High School Boundaries" CAMPUS 'JONES HIGH' PYTHON_9.3 #</Process><Process ToolSource="c:\program files (x86)\arcgis\desktop10.4\ArcToolbox\Toolboxes\Data Management Tools.tbx\CalculateField" Date="20170414" Time="111552">CalculateField TDGIS.DBO.high SCHL_YEAR "2016-17" VB #</Process><Process ToolSource="c:\program files (x86)\arcgis\desktop10.4\ArcToolbox\Toolboxes\Data Management Tools.tbx\CalculateField" Date="20170414" Time="111619">CalculateField TDGIS.DBO.high CAMPUS_ID "1" VB #</Process><Process ToolSource="c:\program files (x86)\arcgis\desktop10.4\ArcToolbox\Toolboxes\Data Management Tools.tbx\CalculateField" Date="20170414" Time="111757">CalculateField TDGIS.DBO.high HIGH_NAME "CLEVELAND" VB #</Process><Process ToolSource="c:\program files (x86)\arcgis\desktop10.4\ArcToolbox\Toolboxes\Data Management Tools.tbx\CalculateField" Date="20170414" Time="111813">CalculateField TDGIS.DBO.high CAMPUS "CLEVELAND HIGH" VB #</Process><Process ToolSource="c:\program files (x86)\arcgis\desktop10.4\ArcToolbox\Toolboxes\Data Management Tools.tbx\CalculateField" Date="20170428" Time="114817">CalculateField TDGIS.DBO.high CAMPUS '1' PYTHON_9.3 #</Process><Process ToolSource="c:\program files (x86)\arcgis\desktop10.4\ArcToolbox\Toolboxes\Data Management Tools.tbx\CalculateField" Date="20170428" Time="114824">CalculateField TDGIS.DBO.high CAMPUS_ID '1' PYTHON_9.3 #</Process><Process ToolSource="c:\program files (x86)\arcgis\desktop10.4\ArcToolbox\Toolboxes\Data Management Tools.tbx\CalculateField" Date="20170428" Time="114834">CalculateField TDGIS.DBO.high CAMPUS 'SALADO HIGH' PYTHON_9.3 #</Process><Process ToolSource="c:\program files (x86)\arcgis\desktop10.4\ArcToolbox\Toolboxes\Data Management Tools.tbx\CalculateField" Date="20170516" Time="163313">CalculateField "Attendance Zones - Outlines\Current High School Boundaries" CAMPUS "[CAMPUS] 'LAKE DALLAS'" VB #</Process><Process ToolSource="c:\program files (x86)\arcgis\desktop10.4\ArcToolbox\Toolboxes\Data Management Tools.tbx\CalculateField" Date="20170517" Time="154849">CalculateField TDGIS.DBO.high HIGH_NAME 'MAYPEARL' PYTHON_9.3 #</Process><Process ToolSource="c:\program files (x86)\arcgis\desktop10.4\ArcToolbox\Toolboxes\Data Management Tools.tbx\CalculateField" Date="20170517" Time="154859">CalculateField TDGIS.DBO.high CAMPUS 'MAYPEARL HIGH' PYTHON_9.3 #</Process><Process ToolSource="c:\program files (x86)\arcgis\desktop10.4\ArcToolbox\Toolboxes\Data Management Tools.tbx\CalculateField" Date="20170517" Time="154908">CalculateField TDGIS.DBO.high CAMPUS_ID '1' PYTHON_9.3 #</Process><Process ToolSource="c:\program files (x86)\arcgis\desktop10.4\ArcToolbox\Toolboxes\Data Management Tools.tbx\CalculateField" Date="20170622" Time="095203">CalculateField TDGIS.DBO.high HIGH_NAME "FAYETTEVILLE" VB #</Process><Process ToolSource="c:\program files (x86)\arcgis\desktop10.4\ArcToolbox\Toolboxes\Data Management Tools.tbx\CalculateField" Date="20170622" Time="095212">CalculateField TDGIS.DBO.high CAMPUS "FAYETTEVILLE HIGH" VB #</Process><Process ToolSource="c:\program files (x86)\arcgis\desktop10.4\ArcToolbox\Toolboxes\Data Management Tools.tbx\CalculateField" Date="20170622" Time="095219">CalculateField TDGIS.DBO.high SCHL_YEAR "2016-17" VB #</Process><Process ToolSource="c:\program files (x86)\arcgis\desktop10.4\ArcToolbox\Toolboxes\Data Management Tools.tbx\CalculateField" Date="20170706" Time="140303">CalculateField TDGIS.DBO.high HIGH_NAME 'BURNET' PYTHON_9.3 #</Process><Process ToolSource="c:\program files (x86)\arcgis\desktop10.4\ArcToolbox\Toolboxes\Data Management Tools.tbx\CalculateField" Date="20170706" Time="140311">CalculateField TDGIS.DBO.high CAMPUS 'BURNET HIGH' PYTHON_9.3 #</Process><Process ToolSource="c:\program files (x86)\arcgis\desktop10.4\ArcToolbox\Toolboxes\Data Management Tools.tbx\CalculateField" Date="20170706" Time="140326">CalculateField TDGIS.DBO.high SCHL_YEAR '2016-17' PYTHON_9.3 #</Process><Process ToolSource="c:\program files (x86)\arcgis\desktop10.4\ArcToolbox\Toolboxes\Data Management Tools.tbx\CalculateField" Date="20170706" Time="140336">CalculateField TDGIS.DBO.high CAMPUS_ID '1' PYTHON_9.3 #</Process><Process ToolSource="c:\program files (x86)\arcgis\desktop10.4\ArcToolbox\Toolboxes\Data Management Tools.tbx\CalculateField" Date="20170706" Time="140355">CalculateField TDGIS.DBO.high CAMPUS_ID '3' PYTHON_9.3 #</Process><Process ToolSource="c:\program files (x86)\arcgis\desktop10.4\ArcToolbox\Toolboxes\Data Management Tools.tbx\CalculateField" Date="20170706" Time="140933">CalculateField TDGIS.DBO.high CAMPUS_ID '1' PYTHON_9.3 #</Process><Process ToolSource="c:\program files (x86)\arcgis\desktop10.4\ArcToolbox\Toolboxes\Data Management Tools.tbx\CalculateField" Date="20170830" Time="144450">CalculateField TDGIS.DBO.high SCHL_YEAR "2017-18" VB #</Process><Process ToolSource="c:\program files (x86)\arcgis\desktop10.4\ArcToolbox\Toolboxes\Data Management Tools.tbx\CalculateField" Date="20170901" Time="152710">CalculateField TDGIS.DBO.high CAMPUS 'KAUFMAN HGH' PYTHON_9.3 #</Process><Process ToolSource="c:\program files (x86)\arcgis\desktop10.4\ArcToolbox\Toolboxes\Data Management Tools.tbx\CalculateField" Date="20170901" Time="152717">CalculateField TDGIS.DBO.high CAMPUS_ID '1' PYTHON_9.3 #</Process><Process ToolSource="c:\program files (x86)\arcgis\desktop10.4\ArcToolbox\Toolboxes\Data Management Tools.tbx\CalculateField" Date="20170901" Time="153250">CalculateField TDGIS.DBO.high SCHL_YEAR '2017-18' PYTHON_9.3 #</Process><Process ToolSource="c:\program files (x86)\arcgis\desktop10.4\ArcToolbox\Toolboxes\Data Management Tools.tbx\CalculateField" Date="20170918" Time="091124">CalculateField TDGIS.DBO.high CAMPUS 'TROY HIGH' PYTHON_9.3 #</Process><Process ToolSource="c:\program files (x86)\arcgis\desktop10.4\ArcToolbox\Toolboxes\Data Management Tools.tbx\CalculateField" Date="20170918" Time="091141">CalculateField TDGIS.DBO.high CAMPUS_ID '1' PYTHON_9.3 #</Process><Process ToolSource="c:\program files (x86)\arcgis\desktop10.4\ArcToolbox\Toolboxes\Data Management Tools.tbx\CalculateField" Date="20171017" Time="105153">CalculateField TDGIS.DBO.high SCHL_YEAR '2017-18' PYTHON_9.3 #</Process><Process ToolSource="c:\program files (x86)\arcgis\desktop10.4\ArcToolbox\Toolboxes\Data Management Tools.tbx\CalculateField" Date="20171017" Time="105224">CalculateField TDGIS.DBO.high CAMPUS !HIGH_NAME!' HIGH' PYTHON_9.3 #</Process><Process ToolSource="c:\program files (x86)\arcgis\desktop10.4\ArcToolbox\Toolboxes\Data Management Tools.tbx\CalculateField" Date="20171023" Time="093456">CalculateField TDGIS.DBO.high SCHL_YEAR "2017-18" VB #</Process><Process ToolSource="c:\program files (x86)\arcgis\desktop10.4\ArcToolbox\Toolboxes\Data Management Tools.tbx\CalculateField" Date="20171024" Time="100150">CalculateField TDGIS.DBO.high CAMPUS 'GUNTER HIGH' PYTHON_9.3 #</Process><Process ToolSource="c:\program files (x86)\arcgis\desktop10.4\ArcToolbox\Toolboxes\Data Management Tools.tbx\CalculateField" Date="20171024" Time="100159">CalculateField TDGIS.DBO.high CAMPUS_ID '1' PYTHON_9.3 #</Process><Process ToolSource="c:\program files (x86)\arcgis\desktop10.4\ArcToolbox\Toolboxes\Data Management Tools.tbx\CalculateField" Date="20171024" Time="135632">CalculateField TDGIS.DBO.high SCHL_YEAR '2017-18' PYTHON_9.3 #</Process><Process ToolSource="c:\program files (x86)\arcgis\desktop10.4\ArcToolbox\Toolboxes\Data Management Tools.tbx\CalculateField" Date="20171024" Time="135657">CalculateField TDGIS.DBO.high CAMPUS !HIGH_NAME!' HIGH' PYTHON_9.3 #</Process><Process ToolSource="c:\program files (x86)\arcgis\desktop10.4\ArcToolbox\Toolboxes\Data Management Tools.tbx\CalculateField" Date="20171101" Time="162826">CalculateField "Attendance Zones - Outlines\High Boundaries" SCHL_YEAR '2017-18' PYTHON_9.3 #</Process><Process ToolSource="c:\program files (x86)\arcgis\desktop10.4\ArcToolbox\Toolboxes\Data Management Tools.tbx\CalculateField" Date="20171102" Time="120134">CalculateField TDGIS.DBO.high CAMPUS_ID '1' PYTHON_9.3 #</Process><Process ToolSource="c:\program files (x86)\arcgis\desktop10.4\ArcToolbox\Toolboxes\Data Management Tools.tbx\CalculateField" Date="20171102" Time="120146">CalculateField TDGIS.DBO.high CAMPUS !HIGH_NAME!' HIGH' PYTHON_9.3 #</Process><Process ToolSource="c:\program files (x86)\arcgis\desktop10.4\ArcToolbox\Toolboxes\Data Management Tools.tbx\CalculateField" Date="20171103" Time="141049">CalculateField TDGIS.DBO.high HIGH_NAME 'ANNA' PYTHON_9.3 #</Process><Process ToolSource="c:\program files (x86)\arcgis\desktop10.4\ArcToolbox\Toolboxes\Data Management Tools.tbx\CalculateField" Date="20171103" Time="141057">CalculateField TDGIS.DBO.high CAMPUS 'ANNA HIGH' PYTHON_9.3 #</Process><Process ToolSource="c:\program files (x86)\arcgis\desktop10.4\ArcToolbox\Toolboxes\Data Management Tools.tbx\CalculateField" Date="20171103" Time="141106">CalculateField TDGIS.DBO.high CAMPUS_ID '1' PYTHON_9.3 #</Process><Process ToolSource="c:\program files (x86)\arcgis\desktop10.4\ArcToolbox\Toolboxes\Data Management Tools.tbx\CalculateField" Date="20171205" Time="150758">CalculateField TDGIS.DBO.high CAMPUS "[HIGH_NAME] + " HIGH"" VB #</Process><Process ToolSource="c:\program files (x86)\arcgis\desktop10.4\ArcToolbox\Toolboxes\Data Management Tools.tbx\CalculateField" Date="20171205" Time="150818">CalculateField TDGIS.DBO.high ISD "PFLUGERVILLE ISD" VB #</Process><Process ToolSource="c:\program files (x86)\arcgis\desktop10.4\ArcToolbox\Toolboxes\Data Management Tools.tbx\CalculateField" Date="20171205" Time="150826">CalculateField TDGIS.DBO.high SCHL_YEAR "2017-18" VB #</Process><Process ToolSource="c:\program files (x86)\arcgis\desktop10.4\ArcToolbox\Toolboxes\Data Management Tools.tbx\CalculateField" Date="20171208" Time="103400">CalculateField TDGIS.DBO.high CAMPUS_ID 1 VB #</Process><Process ToolSource="c:\program files (x86)\arcgis\desktop10.4\ArcToolbox\Toolboxes\Data Management Tools.tbx\CalculateField" Date="20171208" Time="103410">CalculateField TDGIS.DBO.high ISD "MIDWAY ISD" VB #</Process><Process ToolSource="c:\program files (x86)\arcgis\desktop10.4\ArcToolbox\Toolboxes\Data Management Tools.tbx\CalculateField" Date="20171208" Time="103417">CalculateField TDGIS.DBO.high CAMPUS "MIDWAY HIGH" VB #</Process><Process ToolSource="c:\program files (x86)\arcgis\desktop10.4\ArcToolbox\Toolboxes\Data Management Tools.tbx\CalculateField" Date="20171208" Time="103426">CalculateField TDGIS.DBO.high SCHL_YEAR "2017-18" VB #</Process><Process ToolSource="c:\program files (x86)\arcgis\desktop10.4\ArcToolbox\Toolboxes\Data Management Tools.tbx\CalculateField" Date="20171218" Time="152610">CalculateField TDGIS.DBO.high ISD "BIRDVILLE ISD" VB #</Process><Process ToolSource="c:\program files (x86)\arcgis\desktop10.4\ArcToolbox\Toolboxes\Data Management Tools.tbx\CalculateField" Date="20171218" Time="152621">CalculateField TDGIS.DBO.high SCHL_YEAR "2017-18" VB #</Process><Process ToolSource="c:\program files (x86)\arcgis\desktop10.4\ArcToolbox\Toolboxes\Data Management Tools.tbx\CalculateField" Date="20171218" Time="152636">CalculateField TDGIS.DBO.high CAMPUS "[HIGH_NAME] + " HIGH"" VB #</Process><Process ToolSource="c:\program files (x86)\arcgis\desktop10.4\ArcToolbox\Toolboxes\Data Management Tools.tbx\CalculateField" Date="20180122" Time="100035">CalculateField TDGIS.DBO.high CAMPUS "[HIGH_NAME] + " HIGH"" VB #</Process><Process ToolSource="c:\program files (x86)\arcgis\desktop10.4\ArcToolbox\Toolboxes\Data Management Tools.tbx\CalculateField" Date="20180122" Time="100047">CalculateField TDGIS.DBO.high ISD "WYLIE ISD" VB #</Process><Process ToolSource="c:\program files (x86)\arcgis\desktop10.4\ArcToolbox\Toolboxes\Data Management Tools.tbx\CalculateField" Date="20180122" Time="100100">CalculateField TDGIS.DBO.high SCHL_YEAR "2017-18" VB #</Process><Process ToolSource="c:\program files (x86)\arcgis\desktop10.4\ArcToolbox\Toolboxes\Data Management Tools.tbx\CalculateField" Date="20180205" Time="180923">CalculateField TDGIS.DBO.high ISD "NEDERLAND ISD" VB #</Process><Process ToolSource="c:\program files (x86)\arcgis\desktop10.4\ArcToolbox\Toolboxes\Data Management Tools.tbx\CalculateField" Date="20180214" Time="160826">CalculateField TDGIS.DBO.high ISD "SUMTER ISD" VB #</Process><Process ToolSource="c:\program files (x86)\arcgis\desktop10.4\ArcToolbox\Toolboxes\Data Management Tools.tbx\CalculateField" Date="20180214" Time="160842">CalculateField TDGIS.DBO.high CAMPUS "[HIGH_NAME] + " HIGH"" VB #</Process><Process ToolSource="c:\program files (x86)\arcgis\desktop10.4\ArcToolbox\Toolboxes\Data Management Tools.tbx\CalculateField" Date="20180214" Time="160855">CalculateField TDGIS.DBO.high SCHL_YEAR "2017-18" VB #</Process><Process ToolSource="c:\program files (x86)\arcgis\desktop10.4\ArcToolbox\Toolboxes\Data Management Tools.tbx\CalculateField" Date="20180312" Time="180647">CalculateField TDGIS.DBO.high CAMPUS "WHITEWRIGHT HIGH" VB #</Process><Process ToolSource="c:\program files (x86)\arcgis\desktop10.4\ArcToolbox\Toolboxes\Data Management Tools.tbx\CalculateField" Date="20180328" Time="144739">CalculateField TDGIS.DBO.high CAMPUS "[HIGH_NAME] + " HIGH"" VB #</Process><Process ToolSource="c:\program files (x86)\arcgis\desktop10.4\ArcToolbox\Toolboxes\Data Management Tools.tbx\CalculateField" Date="20180328" Time="144750">CalculateField TDGIS.DBO.high SCHL_YEAR "2017-18" VB #</Process><Process ToolSource="c:\program files (x86)\arcgis\desktop10.4\ArcToolbox\Toolboxes\Data Management Tools.tbx\CalculateField" Date="20180409" Time="112832">CalculateField TDGIS.DBO.high ISD "SD 27J" VB #</Process><Process ToolSource="c:\program files (x86)\arcgis\desktop10.4\ArcToolbox\Toolboxes\Data Management Tools.tbx\CalculateField" Date="20180409" Time="112841">CalculateField TDGIS.DBO.high SCHL_YEAR "2017-18" VB #</Process><Process ToolSource="c:\program files (x86)\arcgis\desktop10.4\ArcToolbox\Toolboxes\Data Management Tools.tbx\CalculateField" Date="20180409" Time="112852">CalculateField TDGIS.DBO.high CAMPUS "[HIGH_NAME] + " HIGH"" VB #</Process><Process ToolSource="c:\program files (x86)\arcgis\desktop10.4\ArcToolbox\Toolboxes\Data Management Tools.tbx\CalculateField" Date="20180416" Time="135538">CalculateField TDGIS.DBO.high CAMPUS "[HIGH_NAME] + " HIGH"" VB #</Process><Process ToolSource="c:\program files (x86)\arcgis\desktop10.4\ArcToolbox\Toolboxes\Data Management Tools.tbx\CalculateField" Date="20180416" Time="135549">CalculateField TDGIS.DBO.high SCHL_YEAR "2017-18" VB #</Process><Process ToolSource="c:\program files (x86)\arcgis\desktop10.4\ArcToolbox\Toolboxes\Data Management Tools.tbx\CalculateField" Date="20180419" Time="161609">CalculateField TDGIS.DBO.high ISD "SD 27J" VB #</Process><Process ToolSource="c:\program files (x86)\arcgis\desktop10.4\ArcToolbox\Toolboxes\Data Management Tools.tbx\CalculateField" Date="20180419" Time="161617">CalculateField TDGIS.DBO.high SCHL_YEAR "2018-19" VB #</Process><Process ToolSource="c:\program files (x86)\arcgis\desktop10.4\ArcToolbox\Toolboxes\Data Management Tools.tbx\CalculateField" Date="20180419" Time="161626">CalculateField TDGIS.DBO.high CAMPUS "[HIGH_NAME] + " HIGH"" VB #</Process><Process ToolSource="c:\program files (x86)\arcgis\desktop10.4\ArcToolbox\Toolboxes\Data Management Tools.tbx\CalculateField" Date="20180425" Time="141313">CalculateField TDGIS.DBO.high ISD "SD 27J" VB #</Process><Process ToolSource="c:\program files (x86)\arcgis\desktop10.4\ArcToolbox\Toolboxes\Data Management Tools.tbx\CalculateField" Date="20180425" Time="141634">CalculateField TDGIS.DBO.high SCHL_YEAR "2017-18" VB #</Process><Process ToolSource="c:\program files (x86)\arcgis\desktop10.4\ArcToolbox\Toolboxes\Data Management Tools.tbx\CalculateField" Date="20180425" Time="141659">CalculateField TDGIS.DBO.high SCHL_YEAR "2018-19" VB #</Process><Process ToolSource="c:\program files (x86)\arcgis\desktop10.4\ArcToolbox\Toolboxes\Data Management Tools.tbx\CalculateField" Date="20180425" Time="141711">CalculateField TDGIS.DBO.high CAMPUS "[HIGH_NAME] + " HIGH"" VB #</Process><Process ToolSource="c:\program files (x86)\arcgis\desktop10.4\ArcToolbox\Toolboxes\Data Management Tools.tbx\CalculateField" Date="20180504" Time="085035">CalculateField TDGIS.DBO.high ISD "PALMER ISD" VB #</Process><Process ToolSource="c:\program files (x86)\arcgis\desktop10.4\ArcToolbox\Toolboxes\Data Management Tools.tbx\CalculateField" Date="20180509" Time="174120">CalculateField TDGIS.DBO.high ISD "SCURRY-ROSSER ISD" VB #</Process><Process ToolSource="c:\program files (x86)\arcgis\desktop10.4\ArcToolbox\Toolboxes\Data Management Tools.tbx\CalculateField" Date="20180510" Time="092622">CalculateField TDGIS.DBO.high SCHL_YEAR "2017-18" VB #</Process><Process ToolSource="c:\program files (x86)\arcgis\desktop10.4\ArcToolbox\Toolboxes\Data Management Tools.tbx\CalculateField" Date="20180510" Time="092634">CalculateField TDGIS.DBO.high CAMPUS "[HIGH_NAME] + " HIGH"" VB #</Process><Process ToolSource="c:\program files (x86)\arcgis\desktop10.4\ArcToolbox\Toolboxes\Data Management Tools.tbx\CalculateField" Date="20180514" Time="144307">CalculateField TDGIS.DBO.high HIGH_NAME "BRIDGE CITY" VB #</Process><Process ToolSource="c:\program files (x86)\arcgis\desktop10.4\ArcToolbox\Toolboxes\Data Management Tools.tbx\CalculateField" Date="20180514" Time="144416">CalculateField TDGIS.DBO.high SCHL_YEAR "2017-18" VB #</Process><Process ToolSource="c:\program files (x86)\arcgis\desktop10.4\ArcToolbox\Toolboxes\Data Management Tools.tbx\CalculateField" Date="20180514" Time="144845">CalculateField TDGIS.DBO.high SCHL_YEAR "2017-18" VB #</Process><Process ToolSource="c:\program files (x86)\arcgis\desktop10.4\ArcToolbox\Toolboxes\Data Management Tools.tbx\CalculateField" Date="20180530" Time="161926">CalculateField TDGIS.DBO.high SCHL_YEAR "2017-18" VB #</Process><Process ToolSource="c:\program files (x86)\arcgis\desktop10.4\ArcToolbox\Toolboxes\Data Management Tools.tbx\CalculateField" Date="20180820" Time="141023">CalculateField "Attendance Zones - Outlines\High Boundaries" SCHL_YEAR "2018-19" VB #</Process><Process ToolSource="c:\program files (x86)\arcgis\desktop10.4\ArcToolbox\Toolboxes\Data Management Tools.tbx\CalculateField" Date="20180820" Time="150917">CalculateField "Attendance Zones - Outlines\High Boundaries" SCHL_YEAR "2018-19" VB #</Process><Process ToolSource="c:\program files (x86)\arcgis\desktop10.4\ArcToolbox\Toolboxes\Data Management Tools.tbx\CalculateField" Date="20180821" Time="092118">CalculateField "Attendance Zones - Outlines\High Boundaries" SCHL_YEAR "2018-19" VB #</Process><Process ToolSource="c:\program files (x86)\arcgis\desktop10.4\ArcToolbox\Toolboxes\Data Management Tools.tbx\CalculateField" Date="20180821" Time="093806">CalculateField "Attendance Zones - Outlines\High Boundaries" SCHL_YEAR "2018-19" VB #</Process><Process ToolSource="c:\program files (x86)\arcgis\desktop10.4\ArcToolbox\Toolboxes\Data Management Tools.tbx\CalculateField" Date="20180821" Time="095321">CalculateField "Attendance Zones - Outlines\High Boundaries" SCHL_YEAR "2018-19" VB #</Process><Process ToolSource="c:\program files (x86)\arcgis\desktop10.4\ArcToolbox\Toolboxes\Data Management Tools.tbx\CalculateField" Date="20180821" Time="102306">CalculateField "Attendance Zones - Outlines\High Boundaries" SCHL_YEAR "2018-19" VB #</Process><Process ToolSource="c:\program files (x86)\arcgis\desktop10.4\ArcToolbox\Toolboxes\Data Management Tools.tbx\CalculateField" Date="20180821" Time="104106">CalculateField "Attendance Zones - Outlines\High Boundaries" SCHL_YEAR "2018-19" VB #</Process><Process ToolSource="c:\program files (x86)\arcgis\desktop10.4\ArcToolbox\Toolboxes\Data Management Tools.tbx\CalculateField" Date="20180821" Time="110813">CalculateField "Attendance Zones - Outlines\High Boundaries" SCHL_YEAR "2018-19" VB #</Process><Process ToolSource="c:\program files (x86)\arcgis\desktop10.4\ArcToolbox\Toolboxes\Data Management Tools.tbx\CalculateField" Date="20180821" Time="112703">CalculateField "Attendance Zones - Outlines\High Boundaries" SCHL_YEAR "2018-19" VB #</Process><Process ToolSource="c:\program files (x86)\arcgis\desktop10.4\ArcToolbox\Toolboxes\Data Management Tools.tbx\CalculateField" Date="20180821" Time="113958">CalculateField "Attendance Zones - Outlines\High Boundaries" SCHL_YEAR "2018-19" VB #</Process><Process ToolSource="c:\program files (x86)\arcgis\desktop10.4\ArcToolbox\Toolboxes\Data Management Tools.tbx\CalculateField" Date="20180821" Time="115701">CalculateField "Attendance Zones - Outlines\High Boundaries" SCHL_YEAR "2018-19" VB #</Process><Process ToolSource="c:\program files (x86)\arcgis\desktop10.4\ArcToolbox\Toolboxes\Data Management Tools.tbx\CalculateField" Date="20180821" Time="115715">CalculateField "Attendance Zones - Outlines\High Boundaries" CAMPUS_ID 001 VB #</Process><Process ToolSource="c:\program files (x86)\arcgis\desktop10.4\ArcToolbox\Toolboxes\Data Management Tools.tbx\CalculateField" Date="20180821" Time="115727">CalculateField "Attendance Zones - Outlines\High Boundaries" CAMPUS_ID 001 VB #</Process><Process ToolSource="c:\program files (x86)\arcgis\desktop10.4\ArcToolbox\Toolboxes\Data Management Tools.tbx\CalculateField" Date="20180821" Time="140729">CalculateField "Attendance Zones - Outlines\High Boundaries" SCHL_YEAR "2018-19" VB #</Process><Process ToolSource="c:\program files (x86)\arcgis\desktop10.4\ArcToolbox\Toolboxes\Data Management Tools.tbx\CalculateField" Date="20180821" Time="140852">CalculateField "Attendance Zones - Outlines\High Boundaries" CAMPUS_ID 003 VB #</Process><Process ToolSource="c:\program files (x86)\arcgis\desktop10.4\ArcToolbox\Toolboxes\Data Management Tools.tbx\CalculateField" Date="20180821" Time="140929">CalculateField "Attendance Zones - Outlines\High Boundaries" CAMPUS_ID 004 VB #</Process><Process ToolSource="c:\program files (x86)\arcgis\desktop10.4\ArcToolbox\Toolboxes\Data Management Tools.tbx\CalculateField" Date="20180821" Time="141000">CalculateField "Attendance Zones - Outlines\High Boundaries" CAMPUS_ID 001 VB #</Process><Process ToolSource="c:\program files (x86)\arcgis\desktop10.4\ArcToolbox\Toolboxes\Data Management Tools.tbx\CalculateField" Date="20180821" Time="141046">CalculateField "Attendance Zones - Outlines\High Boundaries" CAMPUS_ID 5 VB #</Process><Process ToolSource="c:\program files (x86)\arcgis\desktop10.4\ArcToolbox\Toolboxes\Data Management Tools.tbx\CalculateField" Date="20180821" Time="142750">CalculateField "Attendance Zones - Outlines\High Boundaries" SCHL_YEAR "2018-19" VB #</Process><Process ToolSource="c:\program files (x86)\arcgis\desktop10.4\ArcToolbox\Toolboxes\Data Management Tools.tbx\CalculateField" Date="20180821" Time="145450">CalculateField "Attendance Zones - Outlines\High Boundaries" SCHL_YEAR "2018-19" VB #</Process><Process ToolSource="c:\program files (x86)\arcgis\desktop10.4\ArcToolbox\Toolboxes\Data Management Tools.tbx\CalculateField" Date="20180821" Time="150804">CalculateField "Attendance Zones - Outlines\High Boundaries" SCHL_YEAR "2018-19" VB #</Process><Process ToolSource="c:\program files (x86)\arcgis\desktop10.4\ArcToolbox\Toolboxes\Data Management Tools.tbx\CalculateField" Date="20180821" Time="154356">CalculateField "Attendance Zones - Outlines\High Boundaries" SCHL_YEAR "2018-19" VB #</Process><Process ToolSource="c:\program files (x86)\arcgis\desktop10.4\ArcToolbox\Toolboxes\Data Management Tools.tbx\CalculateField" Date="20180821" Time="160129">CalculateField "Attendance Zones - Outlines\High Boundaries" SCHL_YEAR "2018-19" VB #</Process><Process ToolSource="c:\program files (x86)\arcgis\desktop10.4\ArcToolbox\Toolboxes\Data Management Tools.tbx\CalculateField" Date="20180821" Time="162248">CalculateField "Attendance Zones - Outlines\High Boundaries" SCHL_YEAR "2018-19" VB #</Process><Process ToolSource="c:\program files (x86)\arcgis\desktop10.4\ArcToolbox\Toolboxes\Data Management Tools.tbx\CalculateField" Date="20180821" Time="164219">CalculateField "Attendance Zones - Outlines\High Boundaries" SCHL_YEAR "2018-19" VB #</Process><Process ToolSource="c:\program files (x86)\arcgis\desktop10.4\ArcToolbox\Toolboxes\Data Management Tools.tbx\CalculateField" Date="20180821" Time="165859">CalculateField "Attendance Zones - Outlines\High Boundaries" SCHL_YEAR "2018-19" VB #</Process><Process ToolSource="c:\program files (x86)\arcgis\desktop10.4\ArcToolbox\Toolboxes\Data Management Tools.tbx\CalculateField" Date="20180821" Time="171228">CalculateField "Attendance Zones - Outlines\High Boundaries" SCHL_YEAR "2018-19" VB #</Process><Process ToolSource="c:\program files (x86)\arcgis\desktop10.4\ArcToolbox\Toolboxes\Data Management Tools.tbx\CalculateField" Date="20180821" Time="172434">CalculateField "Attendance Zones - Outlines\High Boundaries" SCHL_YEAR "2018-19" VB #</Process><Process ToolSource="c:\program files (x86)\arcgis\desktop10.4\ArcToolbox\Toolboxes\Data Management Tools.tbx\CalculateField" Date="20180821" Time="174154">CalculateField "Attendance Zones - Outlines\High Boundaries" SCHL_YEAR "2018-19" VB #</Process><Process ToolSource="c:\program files (x86)\arcgis\desktop10.4\ArcToolbox\Toolboxes\Data Management Tools.tbx\CalculateField" Date="20180823" Time="101745">CalculateField "Attendance Zones - Outlines\2017-18 High School Boundaries" SCHL_YEAR "2018-19" VB #</Process><Process ToolSource="c:\program files (x86)\arcgis\desktop10.4\ArcToolbox\Toolboxes\Data Management Tools.tbx\CalculateField" Date="20180823" Time="110204">CalculateField "Attendance Zones - Outlines\High Boundaries" SCHL_YEAR "2018-19" VB #</Process><Process ToolSource="c:\program files (x86)\arcgis\desktop10.4\ArcToolbox\Toolboxes\Data Management Tools.tbx\CalculateField" Date="20180823" Time="111319">CalculateField "Attendance Zones - Outlines\High Boundaries" SCHL_YEAR "2018-19" VB #</Process><Process ToolSource="c:\program files (x86)\arcgis\desktop10.4\ArcToolbox\Toolboxes\Data Management Tools.tbx\CalculateField" Date="20180823" Time="115341">CalculateField "Attendance Zones - Outlines\High Boundaries" SCHL_YEAR "2018-19" VB #</Process><Process ToolSource="c:\program files (x86)\arcgis\desktop10.4\ArcToolbox\Toolboxes\Data Management Tools.tbx\CalculateField" Date="20180823" Time="143258">CalculateField "Attendance Zones - Outlines\High Boundaries" SCHL_YEAR "2018-19" VB #</Process><Process ToolSource="c:\program files (x86)\arcgis\desktop10.4\ArcToolbox\Toolboxes\Data Management Tools.tbx\CalculateField" Date="20180823" Time="145608">CalculateField "Attendance Zones - Outlines\High Boundaries" SCHL_YEAR "2018-19" VB #</Process><Process ToolSource="c:\program files (x86)\arcgis\desktop10.4\ArcToolbox\Toolboxes\Data Management Tools.tbx\CalculateField" Date="20180823" Time="151313">CalculateField "Attendance Zones - Outlines\High Boundaries" SCHL_YEAR "2018-19" VB #</Process><Process ToolSource="c:\program files (x86)\arcgis\desktop10.4\ArcToolbox\Toolboxes\Data Management Tools.tbx\CalculateField" Date="20180823" Time="155118">CalculateField "Attendance Zones - Outlines\High Boundaries" SCHL_YEAR "2018-19" VB #</Process><Process ToolSource="c:\program files (x86)\arcgis\desktop10.4\ArcToolbox\Toolboxes\Data Management Tools.tbx\CalculateField" Date="20180823" Time="155856">CalculateField "Attendance Zones - Outlines\High Boundaries" SCHL_YEAR "2018-19" VB #</Process><Process ToolSource="c:\program files (x86)\arcgis\desktop10.4\ArcToolbox\Toolboxes\Data Management Tools.tbx\CalculateField" Date="20180824" Time="084701">CalculateField "Attendance Zones - Outlines\High Boundaries" SCHL_YEAR "2018-19" VB #</Process><Process ToolSource="c:\program files (x86)\arcgis\desktop10.4\ArcToolbox\Toolboxes\Data Management Tools.tbx\CalculateField" Date="20180824" Time="104430">CalculateField "Attendance Zones - Outlines\High Boundaries" SCHL_YEAR "2018-19" VB #</Process><Process ToolSource="c:\program files (x86)\arcgis\desktop10.4\ArcToolbox\Toolboxes\Data Management Tools.tbx\CalculateField" Date="20180824" Time="105533">CalculateField "Attendance Zones - Outlines\High Boundaries" CAMPUS_ID 1 VB #</Process><Process ToolSource="c:\program files (x86)\arcgis\desktop10.4\ArcToolbox\Toolboxes\Data Management Tools.tbx\CalculateField" Date="20180824" Time="105544">CalculateField "Attendance Zones - Outlines\High Boundaries" SCHL_YEAR "2018-19" VB #</Process><Process ToolSource="c:\program files (x86)\arcgis\desktop10.4\ArcToolbox\Toolboxes\Data Management Tools.tbx\CalculateField" Date="20180824" Time="110344">CalculateField "Attendance Zones - Outlines\High Boundaries" SCHL_YEAR "2018-19" VB #</Process><Process ToolSource="c:\program files (x86)\arcgis\desktop10.4\ArcToolbox\Toolboxes\Data Management Tools.tbx\CalculateField" Date="20180824" Time="113542">CalculateField "Attendance Zones - Outlines\High Boundaries" SCHL_YEAR "2018-19" VB #</Process><Process ToolSource="c:\program files (x86)\arcgis\desktop10.4\ArcToolbox\Toolboxes\Data Management Tools.tbx\CalculateField" Date="20180824" Time="114633">CalculateField "Attendance Zones - Outlines\High Boundaries" SCHL_YEAR "2018-19" VB #</Process><Process ToolSource="c:\program files (x86)\arcgis\desktop10.4\ArcToolbox\Toolboxes\Data Management Tools.tbx\CalculateField" Date="20180827" Time="085530">CalculateField "Attendance Zones - Outlines\High Boundaries" SCHL_YEAR "2018-19" VB #</Process><Process ToolSource="c:\program files (x86)\arcgis\desktop10.4\ArcToolbox\Toolboxes\Data Management Tools.tbx\CalculateField" Date="20180827" Time="090902">CalculateField "Attendance Zones - Outlines\High Boundaries" SCHL_YEAR "2018-19" VB #</Process><Process ToolSource="c:\program files (x86)\arcgis\desktop10.4\ArcToolbox\Toolboxes\Data Management Tools.tbx\CalculateField" Date="20180827" Time="093834">CalculateField "Attendance Zones - Outlines\High Boundaries" SCHL_YEAR "2018-19" VB #</Process><Process ToolSource="c:\program files (x86)\arcgis\desktop10.4\ArcToolbox\Toolboxes\Data Management Tools.tbx\CalculateField" Date="20180827" Time="101646">CalculateField "Attendance Zones - Outlines\High Boundaries" SCHL_YEAR "2018-19" VB #</Process><Process ToolSource="c:\program files (x86)\arcgis\desktop10.4\ArcToolbox\Toolboxes\Data Management Tools.tbx\CalculateField" Date="20180827" Time="103120">CalculateField "Attendance Zones - Outlines\High Boundaries" SCHL_YEAR "2018-19" VB #</Process><Process ToolSource="c:\program files (x86)\arcgis\desktop10.4\ArcToolbox\Toolboxes\Data Management Tools.tbx\CalculateField" Date="20180827" Time="105836">CalculateField "Attendance Zones - Outlines\High Boundaries" SCHL_YEAR "2018-19" VB #</Process><Process ToolSource="c:\program files (x86)\arcgis\desktop10.4\ArcToolbox\Toolboxes\Data Management Tools.tbx\CalculateField" Date="20180827" Time="111715">CalculateField "Attendance Zones - Outlines\High Boundaries" SCHL_YEAR "2018-19" VB #</Process><Process ToolSource="c:\program files (x86)\arcgis\desktop10.4\ArcToolbox\Toolboxes\Data Management Tools.tbx\CalculateField" Date="20180827" Time="140102">CalculateField "Attendance Zones - Outlines\High Boundaries" SCHL_YEAR "2018-19" VB #</Process><Process ToolSource="c:\program files (x86)\arcgis\desktop10.4\ArcToolbox\Toolboxes\Data Management Tools.tbx\CalculateField" Date="20180827" Time="140300">CalculateField "Attendance Zones - Outlines\High Boundaries" CAMPUS_ID 002 VB #</Process><Process ToolSource="c:\program files (x86)\arcgis\desktop10.4\ArcToolbox\Toolboxes\Data Management Tools.tbx\CalculateField" Date="20180827" Time="140330">CalculateField "Attendance Zones - Outlines\High Boundaries" CAMPUS_ID 1 VB #</Process><Process ToolSource="c:\program files (x86)\arcgis\desktop10.4\ArcToolbox\Toolboxes\Data Management Tools.tbx\CalculateField" Date="20180827" Time="140355">CalculateField "Attendance Zones - Outlines\High Boundaries" CAMPUS_ID 4 VB #</Process><Process ToolSource="c:\program files (x86)\arcgis\desktop10.4\ArcToolbox\Toolboxes\Data Management Tools.tbx\CalculateField" Date="20180827" Time="140411">CalculateField "Attendance Zones - Outlines\High Boundaries" CAMPUS_ID 5 VB #</Process><Process ToolSource="c:\program files (x86)\arcgis\desktop10.4\ArcToolbox\Toolboxes\Data Management Tools.tbx\CalculateField" Date="20180827" Time="140424">CalculateField "Attendance Zones - Outlines\High Boundaries" CAMPUS_ID 6 VB #</Process><Process ToolSource="c:\program files (x86)\arcgis\desktop10.4\ArcToolbox\Toolboxes\Data Management Tools.tbx\CalculateField" Date="20180827" Time="140455">CalculateField "Attendance Zones - Outlines\High Boundaries" CAMPUS_ID 8 VB #</Process><Process ToolSource="c:\program files (x86)\arcgis\desktop10.4\ArcToolbox\Toolboxes\Data Management Tools.tbx\CalculateField" Date="20180827" Time="140716">CalculateField "Attendance Zones - Outlines\High Boundaries" CAMPUS_ID 16 VB #</Process><Process ToolSource="c:\program files (x86)\arcgis\desktop10.4\ArcToolbox\Toolboxes\Data Management Tools.tbx\CalculateField" Date="20180827" Time="140825">CalculateField "Attendance Zones - Outlines\High Boundaries" CAMPUS_ID 10 VB #</Process><Process ToolSource="c:\program files (x86)\arcgis\desktop10.4\ArcToolbox\Toolboxes\Data Management Tools.tbx\CalculateField" Date="20180827" Time="140840">CalculateField "Attendance Zones - Outlines\High Boundaries" CAMPUS_ID 9 VB #</Process><Process ToolSource="c:\program files (x86)\arcgis\desktop10.4\ArcToolbox\Toolboxes\Data Management Tools.tbx\CalculateField" Date="20180827" Time="140908">CalculateField "Attendance Zones - Outlines\High Boundaries" CAMPUS_ID 3 VB #</Process><Process ToolSource="c:\program files (x86)\arcgis\desktop10.4\ArcToolbox\Toolboxes\Data Management Tools.tbx\CalculateField" Date="20180827" Time="140919">CalculateField "Attendance Zones - Outlines\High Boundaries" CAMPUS_ID 14 VB #</Process><Process ToolSource="c:\program files (x86)\arcgis\desktop10.4\ArcToolbox\Toolboxes\Data Management Tools.tbx\CalculateField" Date="20180827" Time="141011">CalculateField "Attendance Zones - Outlines\High Boundaries" CAMPUS_ID 15 VB #</Process><Process ToolSource="c:\program files (x86)\arcgis\desktop10.4\ArcToolbox\Toolboxes\Data Management Tools.tbx\CalculateField" Date="20180827" Time="145024">CalculateField "Attendance Zones - Outlines\High Boundaries" SCHL_YEAR "2018-19" VB #</Process><Process ToolSource="c:\program files (x86)\arcgis\desktop10.4\ArcToolbox\Toolboxes\Data Management Tools.tbx\CalculateField" Date="20180827" Time="151356">CalculateField "Attendance Zones - Outlines\Current High Boundaries" CAMPUS_ID 3 VB #</Process><Process ToolSource="c:\program files (x86)\arcgis\desktop10.4\ArcToolbox\Toolboxes\Data Management Tools.tbx\CalculateField" Date="20180827" Time="151406">CalculateField "Attendance Zones - Outlines\Current High Boundaries" CAMPUS_ID 2 VB #</Process><Process ToolSource="c:\program files (x86)\arcgis\desktop10.4\ArcToolbox\Toolboxes\Data Management Tools.tbx\CalculateField" Date="20180827" Time="151547">CalculateField "Attendance Zones - Outlines\Current High Boundaries" SCHL_YEAR "2018-19" VB #</Process><Process ToolSource="c:\program files (x86)\arcgis\desktop10.4\ArcToolbox\Toolboxes\Data Management Tools.tbx\CalculateField" Date="20180827" Time="154856">CalculateField "Attendance Zones - Outlines\High Boundaries" CAMPUS_ID 2 VB #</Process><Process ToolSource="c:\program files (x86)\arcgis\desktop10.4\ArcToolbox\Toolboxes\Data Management Tools.tbx\CalculateField" Date="20180827" Time="155015">CalculateField "Attendance Zones - Outlines\High Boundaries" SCHL_YEAR "2018-19" VB #</Process><Process ToolSource="c:\program files (x86)\arcgis\desktop10.4\ArcToolbox\Toolboxes\Data Management Tools.tbx\CalculateField" Date="20180827" Time="162756">CalculateField "Attendance Zones - Outlines\High Boundaries" CAMPUS_ID 1 VB #</Process><Process ToolSource="c:\program files (x86)\arcgis\desktop10.4\ArcToolbox\Toolboxes\Data Management Tools.tbx\CalculateField" Date="20180827" Time="162836">CalculateField "Attendance Zones - Outlines\High Boundaries" SCHL_YEAR "2018-19" VB #</Process><Process ToolSource="c:\program files (x86)\arcgis\desktop10.4\ArcToolbox\Toolboxes\Data Management Tools.tbx\CalculateField" Date="20180827" Time="173706">CalculateField "Attendance Zones - Outlines\High Boundaries" SCHL_YEAR "2018-19" VB #</Process><Process ToolSource="c:\program files (x86)\arcgis\desktop10.4\ArcToolbox\Toolboxes\Data Management Tools.tbx\CalculateField" Date="20180828" Time="094636">CalculateField "Attendance Zones - Outlines\High Boundaries" SCHL_YEAR "2018-19" VB #</Process><Process ToolSource="c:\program files (x86)\arcgis\desktop10.4\ArcToolbox\Toolboxes\Data Management Tools.tbx\CalculateField" Date="20180828" Time="100356">CalculateField "Attendance Zones - Outlines\High Boundaries" SCHL_YEAR "2018-19" VB #</Process><Process ToolSource="c:\program files (x86)\arcgis\desktop10.4\ArcToolbox\Toolboxes\Data Management Tools.tbx\CalculateField" Date="20180828" Time="102139">CalculateField "Attendance Zones - Outlines\Current High Boundaries" SCHL_YEAR "2018-19" VB #</Process><Process ToolSource="c:\program files (x86)\arcgis\desktop10.4\ArcToolbox\Toolboxes\Data Management Tools.tbx\CalculateField" Date="20180828" Time="103648">CalculateField "Attendance Zones - Outlines\High Boundaries" CAMPUS_ID 10 VB #</Process><Process ToolSource="c:\program files (x86)\arcgis\desktop10.4\ArcToolbox\Toolboxes\Data Management Tools.tbx\CalculateField" Date="20180828" Time="103932">CalculateField "Attendance Zones - Outlines\High Boundaries" SCHL_YEAR "2018-19" VB #</Process><Process ToolSource="c:\program files (x86)\arcgis\desktop10.4\ArcToolbox\Toolboxes\Data Management Tools.tbx\CalculateField" Date="20180828" Time="105907">CalculateField "Attendance Zones - Outlines\High Boundaries" SCHL_YEAR "2018-19" VB #</Process><Process ToolSource="c:\program files (x86)\arcgis\desktop10.4\ArcToolbox\Toolboxes\Data Management Tools.tbx\CalculateField" Date="20180828" Time="110621">CalculateField "Attendance Zones - Outlines\High Boundaries" SCHL_YEAR "2018-19" VB #</Process><Process ToolSource="c:\program files (x86)\arcgis\desktop10.4\ArcToolbox\Toolboxes\Data Management Tools.tbx\CalculateField" Date="20180828" Time="112345">CalculateField "Attendance Zones - Outlines\High Boundaries" SCHL_YEAR "2018-19" VB #</Process><Process ToolSource="c:\program files (x86)\arcgis\desktop10.4\ArcToolbox\Toolboxes\Data Management Tools.tbx\CalculateField" Date="20180828" Time="135200">CalculateField "Attendance Zones - Outlines\Current High Boundaries" CAMPUS_ID 3 VB #</Process><Process ToolSource="c:\program files (x86)\arcgis\desktop10.4\ArcToolbox\Toolboxes\Data Management Tools.tbx\CalculateField" Date="20180828" Time="135230">CalculateField "Attendance Zones - Outlines\Current High Boundaries" CAMPUS_ID 2 VB #</Process><Process ToolSource="c:\program files (x86)\arcgis\desktop10.4\ArcToolbox\Toolboxes\Data Management Tools.tbx\CalculateField" Date="20180828" Time="135329">CalculateField "Attendance Zones - Outlines\Current High Boundaries" SCHL_YEAR "2018-19" VB #</Process><Process ToolSource="c:\program files (x86)\arcgis\desktop10.4\ArcToolbox\Toolboxes\Data Management Tools.tbx\CalculateField" Date="20180828" Time="151201">CalculateField "Attendance Zones - Outlines\High Boundaries" SCHL_YEAR "2018-19" VB #</Process><Process ToolSource="c:\program files (x86)\arcgis\desktop10.4\ArcToolbox\Toolboxes\Data Management Tools.tbx\CalculateField" Date="20180828" Time="155843">CalculateField "Attendance Zones - Outlines\Current High Boundaries" SCHL_YEAR "2018-19" VB #</Process><Process ToolSource="c:\program files (x86)\arcgis\desktop10.4\ArcToolbox\Toolboxes\Data Management Tools.tbx\CalculateField" Date="20180829" Time="150745">CalculateField "Attendance Zones - Outlines\High Boundaries" SCHL_YEAR "2018-19" VB #</Process><Process ToolSource="c:\program files (x86)\arcgis\desktop10.4\ArcToolbox\Toolboxes\Data Management Tools.tbx\CalculateField" Date="20180830" Time="134119">CalculateField "Attendance Zones - Outlines\High Boundaries" SCHL_YEAR "2018-19" VB #</Process><Process ToolSource="c:\program files (x86)\arcgis\desktop10.4\ArcToolbox\Toolboxes\Data Management Tools.tbx\CalculateField" Date="20180830" Time="141433">CalculateField "Attendance Zones - Outlines\High Boundaries" SCHL_YEAR "2018-19" VB #</Process><Process ToolSource="c:\program files (x86)\arcgis\desktop10.4\ArcToolbox\Toolboxes\Data Management Tools.tbx\CalculateField" Date="20180830" Time="142317">CalculateField "Attendance Zones - Outlines\High Boundaries" SCHL_YEAR "2018-19" VB #</Process><Process ToolSource="c:\program files (x86)\arcgis\desktop10.4\ArcToolbox\Toolboxes\Data Management Tools.tbx\CalculateField" Date="20180830" Time="143831">CalculateField "Attendance Zones - Outlines\High Boundaries" SCHL_YEAR "2018-19" VB #</Process><Process ToolSource="c:\program files (x86)\arcgis\desktop10.4\ArcToolbox\Toolboxes\Data Management Tools.tbx\CalculateField" Date="20180830" Time="145326">CalculateField "Attendance Zones - Outlines\High Boundaries" SCHL_YEAR "2018-19" VB #</Process><Process ToolSource="c:\program files (x86)\arcgis\desktop10.4\ArcToolbox\Toolboxes\Data Management Tools.tbx\CalculateField" Date="20180830" Time="150315">CalculateField "Attendance Zones - Outlines\Current High Boundaries" SCHL_YEAR "2018-19" VB #</Process><Process ToolSource="c:\program files (x86)\arcgis\desktop10.4\ArcToolbox\Toolboxes\Data Management Tools.tbx\CalculateField" Date="20180830" Time="155223">CalculateField "Attendance Zones - Outlines\Current High Boundaries" SCHL_YEAR "2018-19" VB #</Process><Process ToolSource="c:\program files (x86)\arcgis\desktop10.4\ArcToolbox\Toolboxes\Data Management Tools.tbx\CalculateField" Date="20180830" Time="161130">CalculateField "High Boundaries" SCHL_YEAR "2018-19" VB #</Process><Process ToolSource="c:\program files (x86)\arcgis\desktop10.4\ArcToolbox\Toolboxes\Data Management Tools.tbx\CalculateField" Date="20180830" Time="163120">CalculateField "Attendance Zones - Outlines\Current High Boundaries" SCHL_YEAR "2018-19" VB #</Process><Process ToolSource="c:\program files (x86)\arcgis\desktop10.4\ArcToolbox\Toolboxes\Data Management Tools.tbx\CalculateField" Date="20180830" Time="163131">CalculateField "Attendance Zones - Outlines\Current High Boundaries" CAMPUS_ID 3 VB #</Process><Process ToolSource="c:\program files (x86)\arcgis\desktop10.4\ArcToolbox\Toolboxes\Data Management Tools.tbx\CalculateField" Date="20180830" Time="163142">CalculateField "Attendance Zones - Outlines\Current High Boundaries" CAMPUS_ID 2 VB #</Process><Process ToolSource="c:\program files (x86)\arcgis\desktop10.4\ArcToolbox\Toolboxes\Data Management Tools.tbx\CalculateField" Date="20181009" Time="114617">CalculateField "Attendance Zones - Outlines\High Boundaries" SCHL_YEAR "2018-19" VB #</Process><Process ToolSource="c:\program files (x86)\arcgis\desktop10.4\ArcToolbox\Toolboxes\Data Management Tools.tbx\CalculateField" Date="20181009" Time="120836">CalculateField TDGIS.DBO.high SCHL_YEAR "2018-19" VB #</Process><Process ToolSource="c:\program files (x86)\arcgis\desktop10.4\ArcToolbox\Toolboxes\Data Management Tools.tbx\CalculateField" Date="20181210" Time="154628">CalculateField "Attendance Zones - Outlines\High Boundaries" SCHL_YEAR "2018-19" VB #</Process><Process ToolSource="c:\program files (x86)\arcgis\desktop10.4\ArcToolbox\Toolboxes\Data Management Tools.tbx\CalculateField" Date="20190109" Time="111315">CalculateField TDGIS.DBO.high ISD "HAYS CISD" VB #</Process><Process ToolSource="c:\program files (x86)\arcgis\desktop10.4\ArcToolbox\Toolboxes\Data Management Tools.tbx\CalculateField" Date="20190222" Time="085542">CalculateField "Attendance Zones - Outlines\High Boundaries" HIGH_NAME "EVERMAN" VB #</Process><Process ToolSource="c:\program files (x86)\arcgis\desktop10.4\ArcToolbox\Toolboxes\Data Management Tools.tbx\CalculateField" Date="20190222" Time="085555">CalculateField "Attendance Zones - Outlines\High Boundaries" CAMPUS "EVERMAN HIGH" VB #</Process><Process ToolSource="c:\program files (x86)\arcgis\desktop10.4\ArcToolbox\Toolboxes\Data Management Tools.tbx\CalculateField" Date="20190222" Time="085610">CalculateField "Attendance Zones - Outlines\High Boundaries" SCHL_YEAR "2018-19" VB #</Process><Process ToolSource="c:\program files (x86)\arcgis\desktop10.4\ArcToolbox\Toolboxes\Data Management Tools.tbx\CalculateField" Date="20190227" Time="113825">CalculateField TDGIS.DBO.high SCHL_YEAR "2018-19" VB #</Process><Process ToolSource="c:\program files (x86)\arcgis\desktop10.4\ArcToolbox\Toolboxes\Data Management Tools.tbx\CalculateField" Date="20190408" Time="150149">CalculateField TDGIS.DBO.high CAMPUS_ID 1 VB #</Process><Process ToolSource="c:\program files (x86)\arcgis\desktop10.4\ArcToolbox\Toolboxes\Data Management Tools.tbx\CalculateField" Date="20190415" Time="114139">CalculateField "Attendance Zones - Outlines\High Boundaries" SCHL_YEAR "2018-19" VB #</Process><Process ToolSource="c:\program files (x86)\arcgis\desktop10.4\ArcToolbox\Toolboxes\Data Management Tools.tbx\CalculateField" Date="20190502" Time="090624">CalculateField TDGIS.DBO.high CAMPUS "[HIGH_NAME] + " HIGH"" VB #</Process><Process ToolSource="c:\program files (x86)\arcgis\desktop10.4\ArcToolbox\Toolboxes\Data Management Tools.tbx\CalculateField" Date="20190502" Time="090634">CalculateField TDGIS.DBO.high SCHL_YEAR "2018-19" VB #</Process><Process ToolSource="c:\program files (x86)\arcgis\desktop10.4\ArcToolbox\Toolboxes\Data Management Tools.tbx\CalculateField" Date="20190607" Time="093813">CalculateField "High Boundaries" SCHL_YEAR "2020-21" VB #</Process><Process ToolSource="c:\program files (x86)\arcgis\desktop10.4\ArcToolbox\Toolboxes\Data Management Tools.tbx\CalculateField" Date="20190813" Time="093751">CalculateField "Attendance Zones - Outlines\High Boundaries" SCHL_YEAR "2019-20" VB #</Process><Process ToolSource="c:\program files (x86)\arcgis\desktop10.4\ArcToolbox\Toolboxes\Data Management Tools.tbx\CalculateField" Date="20190813" Time="103558">CalculateField "Attendance Zones - Outlines\High Boundaries" SCHL_YEAR "2019-20" VB #</Process><Process ToolSource="c:\program files (x86)\arcgis\desktop10.4\ArcToolbox\Toolboxes\Data Management Tools.tbx\CalculateField" Date="20190813" Time="113458">CalculateField "Attendance Zones - Outlines\High Boundaries" SCHL_YEAR "2019-20" VB #</Process><Process ToolSource="c:\program files (x86)\arcgis\desktop10.4\ArcToolbox\Toolboxes\Data Management Tools.tbx\CalculateField" Date="20190813" Time="143120">CalculateField "Attendance Zones - Outlines\High Boundaries" SCHL_YEAR "2019-20" VB #</Process><Process ToolSource="c:\program files (x86)\arcgis\desktop10.4\ArcToolbox\Toolboxes\Data Management Tools.tbx\CalculateField" Date="20190813" Time="170601">CalculateField "Attendance Zones - Outlines\High Boundaries" SCHL_YEAR "2019-20" VB #</Process><Process ToolSource="c:\program files (x86)\arcgis\desktop10.4\ArcToolbox\Toolboxes\Data Management Tools.tbx\CalculateField" Date="20190814" Time="111453">CalculateField "Attendance Zones - Outlines\2018-19 High Boundaries" SCHL_YEAR "2019-20" VB #</Process><Process ToolSource="c:\program files (x86)\arcgis\desktop10.4\ArcToolbox\Toolboxes\Data Management Tools.tbx\CalculateField" Date="20190814" Time="112804">CalculateField "Attendance Zones - Outlines\High Boundaries" SCHL_YEAR "2019-20" VB #</Process><Process ToolSource="c:\program files (x86)\arcgis\desktop10.4\ArcToolbox\Toolboxes\Data Management Tools.tbx\CalculateField" Date="20190814" Time="113958">CalculateField "Attendance Zones - Outlines\High Boundaries" SCHL_YEAR "2019-20" VB #</Process><Process ToolSource="c:\program files (x86)\arcgis\desktop10.4\ArcToolbox\Toolboxes\Data Management Tools.tbx\CalculateField" Date="20190814" Time="115241">CalculateField "Attendance Zones - Outlines\High Boundaries" SCHL_YEAR "2019-20" VB #</Process><Process ToolSource="c:\program files (x86)\arcgis\desktop10.4\ArcToolbox\Toolboxes\Data Management Tools.tbx\CalculateField" Date="20190814" Time="153401">CalculateField "Attendance Zones - Outlines\High Boundaries" SCHL_YEAR "2019-20" VB #</Process><Process ToolSource="c:\program files (x86)\arcgis\desktop10.4\ArcToolbox\Toolboxes\Data Management Tools.tbx\CalculateField" Date="20190815" Time="144939">CalculateField "Attendance Zones - Outlines\Current High Boundaries" SCHL_YEAR "2019-20" VB #</Process><Process ToolSource="c:\program files (x86)\arcgis\desktop10.4\ArcToolbox\Toolboxes\Data Management Tools.tbx\CalculateField" Date="20190815" Time="150752">CalculateField "Attendance Zones - Outlines\High Boundaries" SCHL_YEAR "2019-20" VB #</Process><Process ToolSource="c:\program files (x86)\arcgis\desktop10.4\ArcToolbox\Toolboxes\Data Management Tools.tbx\CalculateField" Date="20190815" Time="155012">CalculateField "Attendance Zones - Outlines\2018-19 High Boundaries" SCHL_YEAR "2019-20" VB #</Process><Process ToolSource="c:\program files (x86)\arcgis\desktop10.4\ArcToolbox\Toolboxes\Data Management Tools.tbx\CalculateField" Date="20190815" Time="165939">CalculateField "Attendance Zones - Outlines\2018-19 High Boundaries" SCHL_YEAR "2019-20" VB #</Process><Process ToolSource="c:\program files (x86)\arcgis\desktop10.4\ArcToolbox\Toolboxes\Data Management Tools.tbx\CalculateField" Date="20190816" Time="121048">CalculateField "Attendance Zones - Outlines\High Boundaries" SCHL_YEAR "2019-20" VB #</Process><Process ToolSource="c:\program files (x86)\arcgis\desktop10.4\ArcToolbox\Toolboxes\Data Management Tools.tbx\CalculateField" Date="20190819" Time="103127">CalculateField "Attendance Zones - Outlines\2019-20 High Boundaries" SCHL_YEAR "2019-20" VB #</Process><Process ToolSource="c:\program files (x86)\arcgis\desktop10.4\ArcToolbox\Toolboxes\Data Management Tools.tbx\CalculateField" Date="20190904" Time="104745">CalculateField "High Boundaries" SCHL_YEAR "2019-20" VB #</Process><Process ToolSource="c:\program files (x86)\arcgis\desktop10.4\ArcToolbox\Toolboxes\Data Management Tools.tbx\CalculateField" Date="20190904" Time="155342">CalculateField "Attendance Zones - Outlines\High Boundaries" SCHL_YEAR "2019-20" VB #</Process><Process ToolSource="c:\program files (x86)\arcgis\desktop10.4\ArcToolbox\Toolboxes\Data Management Tools.tbx\CalculateField" Date="20190905" Time="100752">CalculateField "Attendance Zones - Outlines\High Boundaries" SCHL_YEAR "2019-20" VB #</Process><Process ToolSource="c:\program files (x86)\arcgis\desktop10.4\ArcToolbox\Toolboxes\Data Management Tools.tbx\CalculateField" Date="20190905" Time="175242">CalculateField "Attendance Zones - Outlines\High Boundaries" SCHL_YEAR "2019-20" VB #</Process><Process ToolSource="c:\program files (x86)\arcgis\desktop10.4\ArcToolbox\Toolboxes\Data Management Tools.tbx\CalculateField" Date="20190906" Time="094318">CalculateField "Attendance Zones - Outlines\High Boundaries" SCHL_YEAR "2019-20" VB #</Process><Process ToolSource="c:\program files (x86)\arcgis\desktop10.4\ArcToolbox\Toolboxes\Data Management Tools.tbx\CalculateField" Date="20190906" Time="110431">CalculateField "Attendance Zones - Outlines\High Boundaries" SCHL_YEAR "2019-20" VB #</Process><Process ToolSource="c:\program files (x86)\arcgis\desktop10.4\ArcToolbox\Toolboxes\Data Management Tools.tbx\CalculateField" Date="20190906" Time="110820">CalculateField "Attendance Zones - Outlines\High Boundaries" SCHL_YEAR "2019-20" VB #</Process><Process ToolSource="c:\program files (x86)\arcgis\desktop10.4\ArcToolbox\Toolboxes\Data Management Tools.tbx\CalculateField" Date="20190910" Time="103341">CalculateField "Attendance Zones - Outlines\Current High Boundaries" SCHL_YEAR "2019-20" VB #</Process><Process ToolSource="c:\program files (x86)\arcgis\desktop10.4\ArcToolbox\Toolboxes\Data Management Tools.tbx\CalculateField" Date="20190912" Time="103245">CalculateField TDGIS.DBO.high SCHL_YEAR "2019-20" VB #</Process><Process ToolSource="c:\program files (x86)\arcgis\desktop10.4\ArcToolbox\Toolboxes\Data Management Tools.tbx\CalculateField" Date="20190916" Time="155226">CalculateField "Attendance Zones - Outlines\Current High Boundaries" SCHL_YEAR "2019-20" VB #</Process><Process ToolSource="c:\program files (x86)\arcgis\desktop10.4\ArcToolbox\Toolboxes\Data Management Tools.tbx\CalculateField" Date="20190927" Time="101555">CalculateField "Attendance Zones - Outlines\High Boundaries" SCHL_YEAR "2019-20" VB #</Process><Process ToolSource="c:\program files (x86)\arcgis\desktop10.4\ArcToolbox\Toolboxes\Data Management Tools.tbx\CalculateField" Date="20191004" Time="113157">CalculateField "Attendance Zones - Outlines\High Boundaries" SCHL_YEAR "2019-20" VB #</Process><Process ToolSource="c:\program files (x86)\arcgis\desktop10.4\ArcToolbox\Toolboxes\Data Management Tools.tbx\CalculateField" Date="20191010" Time="153753">CalculateField "Attendance Zones - Outlines\19-20 High Boundaries" HIGH_NAME "NORTHEAST EARLY COLLEGE" VB #</Process><Process ToolSource="c:\program files (x86)\arcgis\desktop10.4\ArcToolbox\Toolboxes\Data Management Tools.tbx\CalculateField" Date="20191010" Time="153810">CalculateField "Attendance Zones - Outlines\19-20 High Boundaries" CAMPUS "NORTHEAST EARLY COLLEGE HIGH" VB #</Process><Process ToolSource="c:\program files (x86)\arcgis\desktop10.4\ArcToolbox\Toolboxes\Data Management Tools.tbx\CalculateField" Date="20191010" Time="155055">CalculateField "Attendance Zones - Outlines\19-20 High Boundaries" HIGH_NAME "NAVARRO" VB #</Process><Process ToolSource="c:\program files (x86)\arcgis\desktop10.4\ArcToolbox\Toolboxes\Data Management Tools.tbx\CalculateField" Date="20191010" Time="155116">CalculateField "Attendance Zones - Outlines\19-20 High Boundaries" CAMPUS "NAVARRO HIGH" VB #</Process><Process ToolSource="c:\program files (x86)\arcgis\desktop10.4\ArcToolbox\Toolboxes\Data Management Tools.tbx\CalculateField" Date="20191015" Time="091157">CalculateField "Attendance Zones - Outlines\High Boundaries" SCHL_YEAR "2019-20" VB #</Process><Process ToolSource="c:\program files (x86)\arcgis\desktop10.4\ArcToolbox\Toolboxes\Data Management Tools.tbx\CalculateField" Date="20191015" Time="093456">CalculateField "Attendance Zones - Outlines\High Boundaries" SCHL_YEAR "2019-20" VB #</Process><Process ToolSource="c:\program files (x86)\arcgis\desktop10.4\ArcToolbox\Toolboxes\Data Management Tools.tbx\CalculateField" Date="20191020" Time="123009">CalculateField "Attendance Zones - Outlines\High Boundaries" SCHL_YEAR "2019-20" VB #</Process><Process ToolSource="c:\program files (x86)\arcgis\desktop10.4\ArcToolbox\Toolboxes\Data Management Tools.tbx\CalculateField" Date="20191028" Time="101046">CalculateField TDGIS.DBO.high SCHL_YEAR "2019-20" VB #</Process><Process ToolSource="c:\program files (x86)\arcgis\desktop10.4\ArcToolbox\Toolboxes\Data Management Tools.tbx\CalculateField" Date="20191028" Time="102340">CalculateField TDGIS.DBO.high SCHL_YEAR "2019-20" VB #</Process><Process ToolSource="c:\program files (x86)\arcgis\desktop10.4\ArcToolbox\Toolboxes\Data Management Tools.tbx\CalculateField" Date="20191028" Time="112820">CalculateField TDGIS.DBO.high SCHL_YEAR "2019-20" VB #</Process><Process ToolSource="c:\program files (x86)\arcgis\desktop10.4\ArcToolbox\Toolboxes\Data Management Tools.tbx\CalculateField" Date="20191029" Time="163340">CalculateField "Attendance Zones - Outlines\2019-20 High Boundaries" SCHL_YEAR "2019-20" VB #</Process><Process ToolSource="c:\program files (x86)\arcgis\desktop10.4\ArcToolbox\Toolboxes\Data Management Tools.tbx\CalculateField" Date="20191115" Time="111447">CalculateField "Attendance Zones - Outlines\High Boundaries" SCHL_YEAR "2019-20" VB #</Process><Process ToolSource="c:\program files (x86)\arcgis\desktop10.4\ArcToolbox\Toolboxes\Data Management Tools.tbx\CalculateField" Date="20191126" Time="165411">CalculateField "Attendance Zones - Outlines\High Boundaries" SCHL_YEAR "2019-20" VB #</Process><Process ToolSource="c:\program files (x86)\arcgis\desktop10.4\ArcToolbox\Toolboxes\Data Management Tools.tbx\CalculateField" Date="20191202" Time="093917">CalculateField "Attendance Zones - Outlines\High Boundaries" SCHL_YEAR "2019-20" VB #</Process><Process ToolSource="c:\program files (x86)\arcgis\desktop10.4\ArcToolbox\Toolboxes\Data Management Tools.tbx\CalculateField" Date="20191202" Time="152434">CalculateField "Attendance Zones - Outlines\High Boundaries" SCHL_YEAR "2019-20" VB #</Process><Process ToolSource="c:\program files (x86)\arcgis\desktop10.4\ArcToolbox\Toolboxes\Data Management Tools.tbx\CalculateField" Date="20191203" Time="135640">CalculateField "Attendance Zones - Outlines\High Boundaries" SCHL_YEAR "2019-20" VB #</Process><Process ToolSource="c:\program files (x86)\arcgis\desktop10.4\ArcToolbox\Toolboxes\Data Management Tools.tbx\CalculateField" Date="20191216" Time="100910">CalculateField TDGIS.DBO.high SCHL_YEAR "2019-20" VB #</Process><Process ToolSource="c:\program files (x86)\arcgis\desktop10.4\ArcToolbox\Toolboxes\Data Management Tools.tbx\CalculateField" Date="20200107" Time="095657">CalculateField "High Boundaries" HIGH_NAME "NORTHEAST" VB #</Process><Process ToolSource="c:\program files (x86)\arcgis\desktop10.4\ArcToolbox\Toolboxes\Data Management Tools.tbx\CalculateField" Date="20200107" Time="095707">CalculateField "High Boundaries" CAMPUS "NORTHEAST HIGH" VB #</Process><Process ToolSource="c:\program files (x86)\arcgis\desktop10.4\ArcToolbox\Toolboxes\Data Management Tools.tbx\CalculateField" Date="20200113" Time="161525">CalculateField TDGIS.DBO.high SCHL_YEAR "2019-20" VB #</Process><Process ToolSource="c:\program files (x86)\arcgis\desktop10.4\ArcToolbox\Toolboxes\Data Management Tools.tbx\CalculateField" Date="20200114" Time="084246">CalculateField TDGIS.DBO.high SCHL_YEAR "2019-20" VB #</Process><Process ToolSource="c:\program files (x86)\arcgis\desktop10.4\ArcToolbox\Toolboxes\Data Management Tools.tbx\CalculateField" Date="20200123" Time="151750">CalculateField TDGIS.DBO.high SCHL_YEAR "2019-20" VB #</Process><Process ToolSource="c:\program files (x86)\arcgis\desktop10.4\ArcToolbox\Toolboxes\Data Management Tools.tbx\CalculateField" Date="20200127" Time="170744">CalculateField "Attendance Zones - Outlines\High Boundaries" SCHL_YEAR "2019-20" VB #</Process><Process ToolSource="c:\program files (x86)\arcgis\desktop10.4\ArcToolbox\Toolboxes\Data Management Tools.tbx\CalculateField" Date="20200128" Time="094629">CalculateField TDGIS.DBO.high SCHL_YEAR "2019-20" VB #</Process><Process ToolSource="c:\program files (x86)\arcgis\desktop10.4\ArcToolbox\Toolboxes\Data Management Tools.tbx\Append" Date="20200130" Time="151046">Append boundaries TDGIS.DBO.high NO_TEST "HIGH_NAME "HIGH_NAME" true true false 100 Text 0 0 ,First,#,boundaries,NAME_,-1,-1;CAMPUS "CAMPUS" true true false 100 Text 0 0 ,First,#,boundaries,CAMPUS,-1,-1;ISD "ISD" true true false 100 Text 0 0 ,First,#,boundaries,ISD,-1,-1;SCHL_YEAR "SCHL_YEAR" true true false 20 Text 0 0 ,First,#,boundaries,SCHL_YEAR,-1,-1;CAMPUS_ID "CAMPUS_ID" true true false 4 Long 0 10 ,First,#,boundaries,CAMPUS_ID,-1,-1;SHAPE.STArea() "SHAPE.STArea()" false false true 0 Double 0 0 ,First,#;SHAPE.STLength() "SHAPE.STLength()" false false true 0 Double 0 0 ,First,#" #</Process><Process ToolSource="c:\program files (x86)\arcgis\desktop10.4\ArcToolbox\Toolboxes\Data Management Tools.tbx\CalculateField" Date="20200131" Time="101043">CalculateField "Attendance Zones - Outlines\High Boundaries" SCHL_YEAR "2019-20" VB #</Process><Process ToolSource="c:\program files (x86)\arcgis\desktop10.4\ArcToolbox\Toolboxes\Data Management Tools.tbx\CalculateField" Date="20200131" Time="103744">CalculateField "Attendance Zones - Outlines\High Boundaries" SCHL_YEAR "2019-20" VB #</Process><Process ToolSource="c:\program files (x86)\arcgis\desktop10.4\ArcToolbox\Toolboxes\Data Management Tools.tbx\CalculateField" Date="20200131" Time="104539">CalculateField "Attendance Zones - Outlines\High Boundaries" SCHL_YEAR "2019-20" VB #</Process><Process ToolSource="c:\program files (x86)\arcgis\desktop10.4\ArcToolbox\Toolboxes\Data Management Tools.tbx\Append" Date="20200213" Time="150532">Append boundaries TDGIS.DBO.high NO_TEST "HIGH_NAME "HIGH_NAME" true true false 100 Text 0 0 ,First,#,boundaries,SCHL_NAME,-1,-1;CAMPUS "CAMPUS" true true false 100 Text 0 0 ,First,#,boundaries,CAMPUS,-1,-1;ISD "ISD" true true false 100 Text 0 0 ,First,#,boundaries,ISD,-1,-1;SCHL_YEAR "SCHL_YEAR" true true false 20 Text 0 0 ,First,#,boundaries,SCHL_YEAR,-1,-1;CAMPUS_ID "CAMPUS_ID" true true false 4 Long 0 10 ,First,#,boundaries,CAMPUS_ID,-1,-1;SHAPE.STArea() "SHAPE.STArea()" false false true 0 Double 0 0 ,First,#;SHAPE.STLength() "SHAPE.STLength()" false false true 0 Double 0 0 ,First,#" #</Process><Process ToolSource="c:\program files (x86)\arcgis\desktop10.4\ArcToolbox\Toolboxes\Data Management Tools.tbx\Append" Date="20200220" Time="130935">Append HIGH2021 TDGIS.DBO.high NO_TEST "HIGH_NAME "HIGH_NAME" true true false 100 Text 0 0 ,First,#,HIGH2021,HIGH_PLAN3,-1,-1;CAMPUS "CAMPUS" true true false 100 Text 0 0 ,First,#,HIGH2021,CAMPUS,-1,-1;ISD "ISD" true true false 100 Text 0 0 ,First,#,HIGH2021,ISD,-1,-1;SCHL_YEAR "SCHL_YEAR" true true false 20 Text 0 0 ,First,#,HIGH2021,SCHL_YEAR,-1,-1;CAMPUS_ID "CAMPUS_ID" true true false 4 Long 0 10 ,First,#,HIGH2021,CAMPUS_ID,-1,-1;SHAPE.STArea() "SHAPE.STArea()" false false true 0 Double 0 0 ,First,#;SHAPE.STLength() "SHAPE.STLength()" false false true 0 Double 0 0 ,First,#" #</Process><Process ToolSource="c:\program files (x86)\arcgis\desktop10.4\ArcToolbox\Toolboxes\Data Management Tools.tbx\CalculateField" Date="20200220" Time="133738">CalculateField "Attendance Zones - Outlines\2020-21 High Boundaries" HIGH_NAME "ROCK HILL" VB #</Process><Process ToolSource="c:\program files (x86)\arcgis\desktop10.4\ArcToolbox\Toolboxes\Data Management Tools.tbx\CalculateField" Date="20200220" Time="133749">CalculateField "Attendance Zones - Outlines\2020-21 High Boundaries" CAMPUS "ROCK HILL HIGH" VB #</Process><Process ToolSource="c:\program files (x86)\arcgis\desktop10.4\ArcToolbox\Toolboxes\Data Management Tools.tbx\CalculateField" Date="20200220" Time="151730">CalculateField "Attendance Zones - Outlines\High Boundaries" SCHL_YEAR "2019-20" VB #</Process><Process ToolSource="c:\program files (x86)\arcgis\desktop10.4\ArcToolbox\Toolboxes\Data Management Tools.tbx\CalculateField" Date="20200226" Time="145602">CalculateField "Attendance Zones - Outlines\High Boundaries" SCHL_YEAR "2019-20" VB #</Process><Process ToolSource="c:\program files (x86)\arcgis\desktop10.4\ArcToolbox\Toolboxes\Data Management Tools.tbx\CalculateField" Date="20200226" Time="145723">CalculateField "Attendance Zones - Outlines\High Boundaries" SCHL_YEAR "2019-20" VB #</Process><Process ToolSource="c:\program files\arcgis\pro\Resources\ArcToolbox\Toolboxes\Data Management Tools.tbx\UnregisterAsVersioned" Date="20200229" Time="010736">UnregisterAsVersioned D:\Users\mpiehota\Documents\ArcGIS\Projects\Temp\awsprdsql03.TDGIS.sde\TDGIS.DBO.high NO_KEEP_EDIT COMPRESS_DEFAULT</Process><Process ToolSource="c:\program files (x86)\arcgis\desktop10.4\ArcToolbox\Toolboxes\Data Management Tools.tbx\CalculateField" Date="20200302" Time="082111">CalculateField "Attendance Zones - Outlines\High Boundaries" SCHL_YEAR "2019-20" VB #</Process><Process ToolSource="c:\program files (x86)\arcgis\desktop10.4\ArcToolbox\Toolboxes\Data Management Tools.tbx\CalculateField" Date="20200304" Time="160326">CalculateField "Attendance Zones - Outlines\High Boundaries" SCHL_YEAR "2019-20" VB #</Process><Process ToolSource="c:\program files (x86)\arcgis\desktop10.4\ArcToolbox\Toolboxes\Data Management Tools.tbx\CalculateField" Date="20200304" Time="170109">CalculateField "Attendance Zones - Outlines\High Boundaries" SCHL_YEAR "2019-20" VB #</Process><Process ToolSource="c:\program files (x86)\arcgis\desktop10.4\ArcToolbox\Toolboxes\Data Management Tools.tbx\CalculateField" Date="20200305" Time="163622">CalculateField "Attendance Zones - Outlines\2019-20 High Boundaries" SCHL_YEAR "2019-20" VB #</Process><Process ToolSource="c:\program files (x86)\arcgis\desktop10.4\ArcToolbox\Toolboxes\Data Management Tools.tbx\CalculateField" Date="20200310" Time="141434">CalculateField TDGIS.DBO.high ISD "EMS ISD" VB #</Process><Process ToolSource="c:\program files (x86)\arcgis\desktop10.4\ArcToolbox\Toolboxes\Data Management Tools.tbx\CalculateField" Date="20200312" Time="134457">CalculateField "Attendance Zones - Outlines\High Boundaries" SCHL_YEAR "2019-20" VB #</Process><Process ToolSource="c:\program files (x86)\arcgis\desktop10.4\ArcToolbox\Toolboxes\Data Management Tools.tbx\CalculateField" Date="20200317" Time="154815">CalculateField "Current Boundaries\High Boundaries" SCHL_YEAR "2020-21" VB #</Process><Process ToolSource="c:\program files (x86)\arcgis\desktop10.4\ArcToolbox\Toolboxes\Data Management Tools.tbx\CalculateField" Date="20200330" Time="082308">CalculateField "Attendance Zones - Outlines\High Boundaries" SCHL_YEAR "2019-20" VB #</Process><Process ToolSource="c:\program files (x86)\arcgis\desktop10.4\ArcToolbox\Toolboxes\Data Management Tools.tbx\CalculateField" Date="20200407" Time="161443">CalculateField "Attendance Zones - Outlines\High Boundaries" SCHL_YEAR "2019-20" VB #</Process><Process ToolSource="c:\program files (x86)\arcgis\desktop10.4\ArcToolbox\Toolboxes\Data Management Tools.tbx\CalculateField" Date="20200422" Time="113554">CalculateField "Attendance Zones - Outlines\High Boundaries" SCHL_YEAR "2019-20" VB #</Process><Process ToolSource="c:\program files (x86)\arcgis\desktop10.4\ArcToolbox\Toolboxes\Data Management Tools.tbx\CalculateField" Date="20200430" Time="144305">CalculateField "Attendance Zones - Outlines\Current High Boundaries" SCHL_YEAR "2019-20" VB #</Process><Process ToolSource="c:\program files (x86)\arcgis\desktop10.4\ArcToolbox\Toolboxes\Data Management Tools.tbx\CalculateField" Date="20200618" Time="172343">CalculateField "Attendance Zones - Outlines\High Boundaries" SCHL_YEAR "2020-21" VB #</Process></lineage></DataProperties></Esri></metadata>
